_156_25v6_98,40230,1998,305,8
_156_25v6_98,40230,1998,305,7
_156_25v6_98,40230,1998,305,9
_156_25v6_98,40230,1998,305,11
_156_25v6_98,40230,1998,305,10
_156_25v6_98,40230,1998,305,6
_156_25v6_98,40230,1998,305,2
_156_25v6_98,40230,1998,305,1
_156_25v6_98,40230,1998,305,3
_156_25v6_98,40230,1998,305,5
_156_25v6_98,40230,1998,305,4
_166_25v6_24v_s_98,58710,1998,729,5
_166_25v6_24v_s_98,58710,1998,729,10
_166_25v6_24v_s_98,58710,1998,729,4
_166_25v6_24v_s_98,58710,1998,729,2
_166_25v6_24v_s_98,58710,1998,729,3
_166_25v6_24v_s_98,58710,1998,729,7
_166_25v6_24v_s_98,58710,1998,729,6
_166_25v6_24v_s_98,58710,1998,729,8
_166_25v6_24v_s_98,58710,1998,729,11
_166_25v6_24v_s_98,58710,1998,729,9
_166_25v6_24v_s_98,58710,1998,729,1
_206_s16_99,23070,1999,587,8
_206_s16_99,23070,1999,587,5
_206_s16_99,23070,1999,587,6
_206_s16_99,23070,1999,587,7
_206_s16_99,23070,1999,587,12
_206_s16_99,23070,1999,587,13
_206_s16_99,23070,1999,587,14
_206_s16_99,23070,1999,587,9
_206_s16_99,23070,1999,587,10
_206_s16_99,23070,1999,587,11
_206_s16_99,23070,1999,587,2
_206_s16_99,23070,1999,587,1
_206_s16_99,23070,1999,587,4
_206_s16_99,23070,1999,587,3
_240sx_180_us_96,24980,1996,854,1
_240sx_180_us_96,24980,1996,854,5
_240sx_180_us_96,24980,1996,854,2
_240sx_180_us_96,24980,1996,854,3
_240sx_180_us_96,24980,1996,854,4
_240sx_silvia_us_96,25950,1996,855,4
_240sx_silvia_us_96,25950,1996,855,1
_240sx_silvia_us_96,25950,1996,855,2
_240sx_silvia_us_96,25950,1996,855,3
_240sx_silvia_us_96,25950,1996,855,5
_240sx_silvia_us_96,25950,1996,855,6
_3000gt_mr_95,39800,1995,734,2
_3000gt_mr_95,39800,1995,734,1
_3000gt_mr_95,39800,1995,734,3
_3000gt_mr_95,39800,1995,734,5
_3000gt_mr_95,39800,1995,734,4
_3000gt_mr_98,39790,1998,740,4
_3000gt_mr_98,39790,1998,740,5
_3000gt_mr_98,39790,1998,740,3
_3000gt_mr_98,39790,1998,740,1
_3000gt_mr_98,39790,1998,740,2
_3000gt_sl_95,29910,1995,730,4
_3000gt_sl_95,29910,1995,730,5
_3000gt_sl_95,29910,1995,730,3
_3000gt_sl_95,29910,1995,730,1
_3000gt_sl_95,29910,1995,730,2
_3000gt_sl_96,29980,1996,735,4
_3000gt_sl_96,29980,1996,735,5
_3000gt_sl_96,29980,1996,735,3
_3000gt_sl_96,29980,1996,735,1
_3000gt_sl_96,29980,1996,735,2
_3000gt_sl_98,29980,1998,739,4
_3000gt_sl_98,29980,1998,739,5
_3000gt_sl_98,29980,1998,739,3
_3000gt_sl_98,29980,1998,739,1
_3000gt_sl_98,29980,1998,739,2
_3000gt_vr4_us_98,43230,1998,746,4
_3000gt_vr4_us_98,43230,1998,746,5
_3000gt_vr4_us_98,43230,1998,746,3
_3000gt_vr4_us_98,43230,1998,746,1
_3000gt_vr4_us_98,43230,1998,746,2
_3000gt_vr4t_us_95,43150,1995,733,4
_3000gt_vr4t_us_95,43150,1995,733,5
_3000gt_vr4t_us_95,43150,1995,733,3
_3000gt_vr4t_us_95,43150,1995,733,1
_3000gt_vr4t_us_95,43150,1995,733,2
_3000gt_vr4t_us_96,43230,1996,738,4
_3000gt_vr4t_us_96,43230,1996,738,5
_3000gt_vr4t_us_96,43230,1996,738,3
_3000gt_vr4t_us_96,43230,1996,738,1
_3000gt_vr4t_us_96,43230,1996,738,2
_300zx_2by2_us_98,43980,1998,811,2
_300zx_2by2_us_98,43980,1998,811,1
_300zx_2by2_us_98,43980,1998,811,5
_300zx_2by2_us_98,43980,1998,811,6
_300zx_2by2_us_98,43980,1998,811,3
_300zx_2by2_us_98,43980,1998,811,4
_300zx_2seat_us_89,39500,1989,826,2
_300zx_2seat_us_89,39500,1989,826,1
_300zx_2seat_us_89,39500,1989,826,4
_300zx_2seat_us_89,39500,1989,826,6
_300zx_2seat_us_89,39500,1989,826,5
_300zx_2seat_us_89,39500,1989,826,7
_300zx_2seat_us_89,39500,1989,826,3
_300zx_2seat_us_98,39900,1998,53,7
_300zx_2seat_us_98,39900,1998,53,6
_300zx_2seat_us_98,39900,1998,53,5
_300zx_2seat_us_98,39900,1998,53,2
_300zx_2seat_us_98,39900,1998,53,1
_300zx_2seat_us_98,39900,1998,53,4
_300zx_2seat_us_98,39900,1998,53,3
_406_coupe_30_98,45000,1998,326,7
_406_coupe_30_98,45000,1998,326,1
_406_coupe_30_98,45000,1998,326,9
_406_coupe_30_98,45000,1998,326,8
_406_coupe_30_98,45000,1998,326,2
_406_coupe_30_98,45000,1998,326,5
_406_coupe_30_98,45000,1998,326,6
_406_coupe_30_98,45000,1998,326,4
_406_coupe_30_98,45000,1998,326,3
_500_l_69,18580,1969,789,6
_500_l_69,18580,1969,789,7
_500_l_69,18580,1969,789,1
_500_l_69,18580,1969,789,5
_500_l_69,18580,1969,789,3
_500_l_69,18580,1969,789,4
_500_l_69,18580,1969,789,2
_500_l_69,18580,1969,789,8
_500_r_72,15700,1972,724,4
_500_r_72,15700,1972,724,3
_500_r_72,15700,1972,724,2
_500_r_72,15700,1972,724,5
_500_r_72,15700,1972,724,1
_787b_91,3500000,1991,344,2
a160_98,33020,1998,596,4
a160_98,33020,1998,596,5
a160_98,33020,1998,596,3
a160_98,33020,1998,596,1
a160_98,33020,1998,596,2
a160_98,33020,1998,596,6
a160_98,33020,1998,596,9
a160_98,33020,1998,596,10
a160_98,33020,1998,596,7
a160_98,33020,1998,596,8
accord_coupe_us_88,26000,1988,138,2
accord_coupe_us_88,26000,1988,138,1
accord_euror_00,25330,2000,758,6
accord_euror_00,25330,2000,758,7
accord_euror_00,25330,2000,758,8
accord_euror_00,25330,2000,758,5
accord_euror_00,25330,2000,758,2
accord_euror_00,25330,2000,758,1
accord_euror_00,25330,2000,758,4
accord_euror_00,25330,2000,758,3
acura_cl_types_01,32180,2001,271,1
acura_cl_types_01,32180,2001,271,5
acura_cl_types_01,32180,2001,271,4
acura_cl_types_01,32180,2001,271,3
acura_cl_types_01,32180,2001,271,2
acura_integra_typer_01,25940,2001,367,1
acura_integra_typer_01,25940,2001,367,2
acura_nsx_32l_97,89130,1997,516,2
acura_nsx_32l_97,89130,1997,516,1
acura_nsx_32l_97,89130,1997,516,6
acura_nsx_32l_97,89130,1997,516,3
acura_nsx_32l_97,89130,1997,516,4
acura_nsx_32l_97,89130,1997,516,5
acura_nsx_91,80030,1991,520,2
acura_nsx_91,80030,1991,520,1
acura_nsx_91,80030,1991,520,3
altoworks_rsz_97,12200,1997,814,1
altoworks_rsz_97,12200,1997,814,3
altoworks_rsz_97,12200,1997,814,2
altoworks_sport_ltd_97,11150,1997,63,2
altoworks_sport_ltd_97,11150,1997,63,1
az1_92,14980,1992,651,1
az1_92,14980,1992,651,2
be1_87,12930,1987,268,3
be1_87,12930,1987,268,4
be1_87,12930,1987,268,1
be1_87,12930,1987,268,2
beat_91,13800,1991,139,4
beat_91,13800,1991,139,3
beat_91,13800,1991,139,2
beat_91,13800,1991,139,1
beat_f_92,13880,1992,525,1
beat_z_93,14500,1993,517,1
beat_z_93,14500,1993,517,2
bluebird_ht_1800sss_79,12680,1979,572,2
bluebird_ht_1800sss_79,12680,1979,572,1
camaro_z28_coupe_97,24110,1997,27,7
camaro_z28_coupe_97,24110,1997,27,6
camaro_z28_coupe_97,24110,1997,27,8
camaro_z28_coupe_97,24110,1997,27,10
camaro_z28_coupe_97,24110,1997,27,9
camaro_z28_coupe_97,24110,1997,27,2
camaro_z28_coupe_97,24110,1997,27,1
camaro_z28_coupe_97,24110,1997,27,3
camaro_z28_coupe_97,24110,1997,27,5
camaro_z28_coupe_97,24110,1997,27,4
cappuccino_91,14580,1991,19,2
cappuccino_91,14580,1991,19,1
cappuccino_95,14580,1995,519,1
cappuccino_95,14580,1995,519,2
cappuccino_95,14580,1995,519,3
carina_ed_20x_4ws_89,17350,1989,93,4
carina_ed_20x_4ws_89,17350,1989,93,5
carina_ed_20x_4ws_89,17350,1989,93,6
carina_ed_20x_4ws_89,17350,1989,93,3
carina_ed_20x_4ws_89,17350,1989,93,2
carina_ed_20x_4ws_89,17350,1989,93,1
carlton_90,81490,1990,412,1
celica_2000gt_four_86,29760,1986,655,2
celica_2000gt_four_86,29760,1986,655,3
celica_2000gt_four_86,29760,1986,655,1
celica_2000gt_r_86,20770,1986,95,3
celica_2000gt_r_86,20770,1986,95,4
celica_2000gt_r_86,20770,1986,95,5
celica_2000gt_r_86,20770,1986,95,1
celica_2000gt_r_86,20770,1986,95,2
celica_gt_four_98,33020,1998,64,6
celica_gt_four_98,33020,1998,64,5
celica_gt_four_98,33020,1998,64,4
celica_gt_four_98,33020,1998,64,1
celica_gt_four_98,33020,1998,64,2
celica_gt_four_98,33020,1998,64,3
celica_gt_four_rc_91,31710,1991,96,3
celica_gt_four_rc_91,31710,1991,96,4
celica_gt_four_rc_91,31710,1991,96,1
celica_gt_four_rc_91,31710,1991,96,2
celica_gtr_4ws_91,22100,1991,654,3
celica_gtr_4ws_91,22100,1991,654,2
celica_gtr_4ws_91,22100,1991,654,6
celica_gtr_4ws_91,22100,1991,654,4
celica_gtr_4ws_91,22100,1991,654,5
celica_gtr_4ws_91,22100,1991,654,1
celica_ss2_97,21360,1997,65,4
celica_ss2_97,21360,1997,65,5
celica_ss2_97,21360,1997,65,6
celica_ss2_97,21360,1997,65,1
celica_ss2_97,21360,1997,65,2
celica_ss2_97,21360,1997,65,3
celica_ss2_99,21810,1999,588,3
celica_ss2_99,21810,1999,588,2
celica_ss2_99,21810,1999,588,1
celica_ss2_99,21810,1999,588,6
celica_ss2_99,21810,1999,588,5
celica_ss2_99,21810,1999,588,4
celica_xx_2800gt_81,23230,1981,94,9
celica_xx_2800gt_81,23230,1981,94,2
celica_xx_2800gt_81,23230,1981,94,1
celica_xx_2800gt_81,23230,1981,94,5
celica_xx_2800gt_81,23230,1981,94,4
celica_xx_2800gt_81,23230,1981,94,3
celica_xx_2800gt_81,23230,1981,94,8
celica_xx_2800gt_81,23230,1981,94,7
celica_xx_2800gt_81,23230,1981,94,6
cerbera_speed6_97,79880,1997,184,21
cerbera_speed6_97,79880,1997,184,6
cerbera_speed6_97,79880,1997,184,22
cerbera_speed6_97,79880,1997,184,20
cerbera_speed6_97,79880,1997,184,3
cerbera_speed6_97,79880,1997,184,18
cerbera_speed6_97,79880,1997,184,19
cerbera_speed6_97,79880,1997,184,7
cerbera_speed6_97,79880,1997,184,4
cerbera_speed6_97,79880,1997,184,12
cerbera_speed6_97,79880,1997,184,5
cerbera_speed6_97,79880,1997,184,11
cerbera_speed6_97,79880,1997,184,8
cerbera_speed6_97,79880,1997,184,9
cerbera_speed6_97,79880,1997,184,10
cerbera_speed6_97,79880,1997,184,15
cerbera_speed6_97,79880,1997,184,1
cerbera_speed6_97,79880,1997,184,16
cerbera_speed6_97,79880,1997,184,2
cerbera_speed6_97,79880,1997,184,13
cerbera_speed6_97,79880,1997,184,14
cerbera_speed6_97,79880,1997,184,17
city_turbo2_83,12380,1983,81,3
city_turbo2_83,12380,1983,81,2
city_turbo2_83,12380,1983,81,1
civic_1500_25i_3d_83,11890,1983,607,4
civic_1500_25i_3d_83,11890,1983,607,1
civic_1500_25i_3d_83,11890,1983,607,2
civic_1500_25i_3d_83,11890,1983,607,3
civic_r_01,22000,2001,279,1
civic_r_01,22000,2001,279,2
civic_r_01,22000,2001,279,3
civic_r_97,19980,1997,545,2
civic_r_97,19980,1997,545,1
civic_r_97,19980,1997,545,3
civic_r_98,19980,1998,105,1
civic_r_98,19980,1998,105,4
civic_r_98,19980,1998,105,3
civic_r_98,19980,1998,105,2
civic_sir2_91,16200,1991,36,4
civic_sir2_91,16200,1991,36,5
civic_sir2_91,16200,1991,36,6
civic_sir2_91,16200,1991,36,1
civic_sir2_91,16200,1991,36,2
civic_sir2_91,16200,1991,36,3
civic_sir2_92,16200,1992,420,4
civic_sir2_92,16200,1992,420,5
civic_sir2_92,16200,1992,420,3
civic_sir2_92,16200,1992,420,1
civic_sir2_92,16200,1992,420,2
civic_sir2_93,16380,1993,421,3
civic_sir2_93,16380,1993,421,4
civic_sir2_93,16380,1993,421,1
civic_sir2_93,16380,1993,421,2
civic_sir2_95,16980,1995,419,4
civic_sir2_95,16980,1995,419,5
civic_sir2_95,16980,1995,419,6
civic_sir2_95,16980,1995,419,1
civic_sir2_95,16980,1995,419,2
civic_sir2_95,16980,1995,419,3
clio_sport_v6_00,50520,2000,317,4
clio_sport_v6_00,50520,2000,317,3
clio_sport_v6_00,50520,2000,317,2
clio_sport_v6_00,50520,2000,317,1
corvette_gs_96,45900,1996,28,1
crx_15i_83,12700,1983,80,3
crx_15i_83,12700,1983,80,2
crx_15i_83,12700,1983,80,1
crx_sir_90,15470,1990,82,4
crx_sir_90,15470,1990,82,5
crx_sir_90,15470,1990,82,6
crx_sir_90,15470,1990,82,2
crx_sir_90,15470,1990,82,3
crx_sir_90,15470,1990,82,1
cube_x_98,14180,1998,267,2
cube_x_98,14180,1998,267,3
cube_x_98,14180,1998,267,4
cube_x_98,14180,1998,267,5
cube_x_98,14180,1998,267,1
delsol_sir_92,17100,1992,37,3
delsol_sir_92,17100,1992,37,4
delsol_sir_92,17100,1992,37,5
delsol_sir_92,17100,1992,37,1
delsol_sir_92,17100,1992,37,2
demio_glx_99,14660,1999,772,2
demio_glx_99,14660,1999,772,1
demio_glx_99,14660,1999,772,8
demio_glx_99,14660,1999,772,3
demio_glx_99,14660,1999,772,5
demio_glx_99,14660,1999,772,6
demio_glx_99,14660,1999,772,7
demio_glx_99,14660,1999,772,4
eclipse_gt_95,21420,1995,101,1
eclipse_gt_95,21420,1995,101,2
elise_190_98,65270,1998,151,5
elise_190_98,65270,1998,151,6
elise_190_98,65270,1998,151,7
elise_190_98,65270,1998,151,2
elise_190_98,65270,1998,151,3
elise_190_98,65270,1998,151,4
elise_190_98,65270,1998,151,8
elise_190_98,65270,1998,151,12
elise_190_98,65270,1998,151,1
elise_190_98,65270,1998,151,11
elise_190_98,65270,1998,151,9
elise_190_98,65270,1998,151,10
esprit_v8_gt_98,97430,1998,609,8
esprit_v8_gt_98,97430,1998,609,7
esprit_v8_gt_98,97430,1998,609,12
esprit_v8_gt_98,97430,1998,609,4
esprit_v8_gt_98,97430,1998,609,5
esprit_v8_gt_98,97430,1998,609,2
esprit_v8_gt_98,97430,1998,609,3
esprit_v8_gt_98,97430,1998,609,6
esprit_v8_gt_98,97430,1998,609,11
esprit_v8_gt_98,97430,1998,609,1
esprit_v8_gt_98,97430,1998,609,10
esprit_v8_gt_98,97430,1998,609,9
esprit_v8_se_98,116870,1998,595,8
esprit_v8_se_98,116870,1998,595,9
esprit_v8_se_98,116870,1998,595,4
esprit_v8_se_98,116870,1998,595,1
esprit_v8_se_98,116870,1998,595,2
esprit_v8_se_98,116870,1998,595,10
esprit_v8_se_98,116870,1998,595,12
esprit_v8_se_98,116870,1998,595,11
esprit_v8_se_98,116870,1998,595,3
esprit_v8_se_98,116870,1998,595,6
esprit_v8_se_98,116870,1998,595,7
esprit_v8_se_98,116870,1998,595,5
exa_canopy_las_88,14810,1988,325,4
exa_canopy_las_88,14810,1988,325,5
exa_canopy_las_88,14810,1988,325,3
exa_canopy_las_88,14810,1988,325,1
exa_canopy_las_88,14810,1988,325,2
exa_canopy_las_88,14810,1988,325,6
fairlady_z_300zx_83,32000,1983,631,3
fairlady_z_300zx_83,32000,1983,631,2
fairlady_z_300zx_83,32000,1983,631,7
fairlady_z_300zx_83,32000,1983,631,4
fairlady_z_300zx_83,32000,1983,631,5
fairlady_z_300zx_83,32000,1983,631,1
fairlady_z_300zx_83,32000,1983,631,6
fto_gpr_97,21600,1997,50,1
fto_gpr_97,21600,1997,50,3
fto_gpr_97,21600,1997,50,2
fto_gpr_99,21600,1999,541,1
fto_gpr_99,21600,1999,541,2
fto_gpr_99,21600,1999,541,3
fto_gpx_94,22870,1994,549,4
fto_gpx_94,22870,1994,549,5
fto_gpx_94,22870,1994,549,1
fto_gpx_94,22870,1994,549,2
fto_gpx_94,22870,1994,549,3
fto_gpx_94,22870,1994,549,6
fto_gpx_97,22870,1997,539,3
fto_gpx_97,22870,1997,539,2
fto_gpx_97,22870,1997,539,1
fto_gpx_97,22870,1997,539,6
fto_gpx_97,22870,1997,539,5
fto_gpx_97,22870,1997,539,4
fto_gpx_99,23330,1999,542,3
fto_gpx_99,23330,1999,542,2
fto_gpx_99,23330,1999,542,1
fto_gpx_99,23330,1999,542,6
fto_gpx_99,23330,1999,542,5
fto_gpx_99,23330,1999,542,4
fto_gr_94,18870,1994,550,3
fto_gr_94,18870,1994,550,4
fto_gr_94,18870,1994,550,5
fto_gr_94,18870,1994,550,1
fto_gr_94,18870,1994,550,6
fto_gr_94,18870,1994,550,2
fto_gr_97,18870,1997,540,3
fto_gr_97,18870,1997,540,2
fto_gr_97,18870,1997,540,1
fto_gr_97,18870,1997,540,6
fto_gr_97,18870,1997,540,5
fto_gr_97,18870,1997,540,4
galant_vr4_89,27810,1989,781,2
galant_vr4_89,27810,1989,781,1
golf_gti_01,31800,2001,69,10
golf_gti_01,31800,2001,69,9
golf_gti_01,31800,2001,69,8
golf_gti_01,31800,2001,69,11
golf_gti_01,31800,2001,69,14
golf_gti_01,31800,2001,69,13
golf_gti_01,31800,2001,69,12
golf_gti_01,31800,2001,69,3
golf_gti_01,31800,2001,69,2
golf_gti_01,31800,2001,69,1
golf_gti_01,31800,2001,69,4
golf_gti_01,31800,2001,69,7
golf_gti_01,31800,2001,69,6
golf_gti_01,31800,2001,69,5
griffith_500_94,58730,1994,197,5
griffith_500_94,58730,1994,197,6
griffith_500_94,58730,1994,197,7
griffith_500_94,58730,1994,197,4
griffith_500_94,58730,1994,197,1
griffith_500_94,58730,1994,197,2
griffith_500_94,58730,1994,197,3
griffith_500_94,58730,1994,197,8
griffith_500_94,58730,1994,197,10
griffith_500_94,58730,1994,197,9
gs300_us_91,47400,1991,879,4
gs300_us_91,47400,1991,879,2
gs300_us_91,47400,1991,879,1
gs300_us_91,47400,1991,879,3
gt_one_race_exxon_99,4500000,1999,719,2
impreza_22b_98,50000,1998,491,1
impreza_coupe_wrx_sti6_99,30090,1999,351,4
impreza_coupe_wrx_sti6_99,30090,1999,351,1
impreza_coupe_wrx_sti6_99,30090,1999,351,2
impreza_coupe_wrx_sti6_99,30090,1999,351,3
impreza_wg_sti_00,29980,2000,493,3
impreza_wg_sti_00,29980,2000,493,4
impreza_wg_sti_00,29980,2000,493,1
impreza_wg_sti_00,29980,2000,493,2
impreza_wg_wrx_99,29190,1999,350,3
impreza_wg_wrx_99,29190,1999,350,4
impreza_wg_wrx_99,29190,1999,350,1
impreza_wg_wrx_99,29190,1999,350,2
impreza_wrx_pro_01,31450,2001,61,2
impreza_wrx_pro_01,31450,2001,61,1
impreza_wrx_sti1_94,27780,1994,121,3
impreza_wrx_sti1_94,27780,1994,121,2
impreza_wrx_sti1_94,27780,1994,121,1
impreza_wrx_sti2_95,27480,1995,555,1
impreza_wrx_sti2_95,27480,1995,555,2
impreza_wrx_sti2_95,27480,1995,555,3
impreza_wrx_sti3_96,28850,1996,565,2
impreza_wrx_sti3_96,28850,1996,565,1
impreza_wrx_sti3_96,28850,1996,565,3
impreza_wrx_sti4_97,28990,1997,566,2
impreza_wrx_sti4_97,28990,1997,566,1
impreza_wrx_sti4_97,28990,1997,566,3
impreza_wrx_sti5_98,29190,1998,567,4
impreza_wrx_sti5_98,29190,1998,567,3
impreza_wrx_sti5_98,29190,1998,567,1
impreza_wrx_sti5_98,29190,1998,567,2
impreza_wrx_sti6_99,29190,1999,122,4
impreza_wrx_sti6_99,29190,1999,122,3
impreza_wrx_sti6_99,29190,1999,122,1
impreza_wrx_sti6_99,29190,1999,122,2
impreza_wrx_sti_00,31980,2000,492,1
impreza_wrx_sti_00,31980,2000,492,2
impreza_wrx_sti_00,31980,2000,492,4
impreza_wrx_sti_00,31980,2000,492,3
infiniti_g20_20te_90,22840,1990,562,1
infiniti_g20_20te_90,22840,1990,562,2
infiniti_g20_20te_90,22840,1990,562,4
infiniti_g20_20te_90,22840,1990,562,3
integra_r_95,22280,1995,647,1
integra_r_95,22280,1995,647,2
integra_r_95,22280,1995,647,3
integra_r_98,23580,1998,146,3
integra_r_98,23580,1998,146,4
integra_r_98,23580,1998,146,1
integra_r_98,23580,1998,146,2
integra_r_99,25160,1999,526,5
integra_r_99,25160,1999,526,4
integra_r_99,25160,1999,526,3
integra_r_99,25160,1999,526,1
integra_r_99,25160,1999,526,2
lancer_evo2_gsr_94,28980,1994,764,1
lancer_evo2_gsr_94,28980,1994,764,2
lancer_evo2_gsr_94,28980,1994,764,5
lancer_evo2_gsr_94,28980,1994,764,4
lancer_evo2_gsr_94,28980,1994,764,3
lancer_evo3_gsr_95,29680,1995,765,3
lancer_evo3_gsr_95,29680,1995,765,4
lancer_evo3_gsr_95,29680,1995,765,5
lancer_evo3_gsr_95,29680,1995,765,1
lancer_evo3_gsr_95,29680,1995,765,2
lancer_evo4_96,29980,1996,346,5
lancer_evo4_96,29980,1996,346,2
lancer_evo4_96,29980,1996,346,1
lancer_evo4_96,29980,1996,346,4
lancer_evo4_96,29980,1996,346,3
lancer_evo5_gsr_98,32480,1998,158,2
lancer_evo5_gsr_98,32480,1998,158,1
lancer_evo5_gsr_98,32480,1998,158,3
lancer_evo5_gsr_98,32480,1998,158,5
lancer_evo5_gsr_98,32480,1998,158,4
lancer_evo6_gsr_99,32480,1999,347,5
lancer_evo6_gsr_99,32480,1999,347,2
lancer_evo6_gsr_99,32480,1999,347,1
lancer_evo6_gsr_99,32480,1999,347,4
lancer_evo6_gsr_99,32480,1999,347,3
lancer_evo6_rs_99,25980,1999,447,1
lancer_evo6_tommi_gsr_00,32780,2000,436,5
lancer_evo6_tommi_gsr_00,32780,2000,436,4
lancer_evo6_tommi_gsr_00,32780,2000,436,1
lancer_evo6_tommi_gsr_00,32780,2000,436,2
lancer_evo6_tommi_gsr_00,32780,2000,436,3
lancer_evo6_tommi_rs_00,25980,2000,440,1
lancer_evo7_gsr_01,29980,2001,48,3
lancer_evo7_gsr_01,29980,2001,48,2
lancer_evo7_gsr_01,29980,2001,48,1
lancer_evo7_gsr_01,29980,2001,48,4
lancer_evo7_gsr_01,29980,2001,48,7
lancer_evo7_gsr_01,29980,2001,48,6
lancer_evo7_gsr_01,29980,2001,48,5
lancer_evo7_gta_02,33000,2002,479,3
lancer_evo7_gta_02,33000,2002,479,2
lancer_evo7_gta_02,33000,2002,479,1
lancer_evo7_gta_02,33000,2002,479,6
lancer_evo7_gta_02,33000,2002,479,5
lancer_evo7_gta_02,33000,2002,479,4
lancer_evo7_rs_01,25180,2001,424,1
lancer_evo_gsr_92,27380,1992,157,4
lancer_evo_gsr_92,27380,1992,157,5
lancer_evo_gsr_92,27380,1992,157,3
lancer_evo_gsr_92,27380,1992,157,1
lancer_evo_gsr_92,27380,1992,157,2
lancer_ex_1800gsr_ic_turbo_83,26790,1983,480,3
lancer_ex_1800gsr_ic_turbo_83,26790,1983,480,2
lancer_ex_1800gsr_ic_turbo_83,26790,1983,480,1
lancer_ex_1800gsr_ic_turbo_83,26790,1983,480,6
lancer_ex_1800gsr_ic_turbo_83,26790,1983,480,5
lancer_ex_1800gsr_ic_turbo_83,26790,1983,480,4
legacy_b4_blitzen_00,30000,2000,113,1
legacy_b4_blitzen_00,30000,2000,113,2
legacy_b4_blitzen_00,30000,2000,113,3
legacy_b4_rsk_98,25880,1998,114,5
legacy_b4_rsk_98,25880,1998,114,2
legacy_b4_rsk_98,25880,1998,114,3
legacy_b4_rsk_98,25880,1998,114,4
legacy_b4_rsk_98,25880,1998,114,1
legacy_gtb_96,29330,1996,112,3
legacy_gtb_96,29330,1996,112,2
legacy_gtb_96,29330,1996,112,1
legacy_gtb_96,29330,1996,112,6
legacy_gtb_96,29330,1996,112,5
legacy_gtb_96,29330,1996,112,4
legnum_vr4_v_98,28500,1998,361,2
legnum_vr4_v_98,28500,1998,361,1
legnum_vr4_v_98,28500,1998,361,4
legnum_vr4_v_98,28500,1998,361,5
legnum_vr4_v_98,28500,1998,361,3
levin_bzr_98,18900,1998,98,4
levin_bzr_98,18900,1998,98,5
levin_bzr_98,18900,1998,98,6
levin_bzr_98,18900,1998,98,1
levin_bzr_98,18900,1998,98,2
levin_bzr_98,18900,1998,98,3
levin_gt_apex_83,15360,1983,20,1
levin_gt_apex_83,15360,1983,20,3
levin_gt_apex_83,15360,1983,20,2
m_coupe_98,78900,1998,445,4
m_coupe_98,78900,1998,445,5
m_coupe_98,78900,1998,445,3
m_coupe_98,78900,1998,445,1
m_coupe_98,78900,1998,445,2
m_coupe_98,78900,1998,445,6
m_coupe_98,78900,1998,445,8
m_coupe_98,78900,1998,445,7
march_g_2wd_3dr_99,13080,1999,166,3
march_g_2wd_3dr_99,13080,1999,166,4
march_g_2wd_3dr_99,13080,1999,166,2
march_g_2wd_3dr_99,13080,1999,166,1
march_g_2wd_3dr_99,13080,1999,166,7
march_g_2wd_3dr_99,13080,1999,166,8
march_g_2wd_3dr_99,13080,1999,166,5
march_g_2wd_3dr_99,13080,1999,166,6
mazda_323f_r_93,19920,1993,817,5
mazda_323f_r_93,19920,1993,817,4
mazda_323f_r_93,19920,1993,817,2
mazda_323f_r_93,19920,1993,817,1
mazda_323f_r_93,19920,1993,817,3
megane_20_ide_00,26600,2000,414,3
megane_20_ide_00,26600,2000,414,2
megane_20_ide_00,26600,2000,414,1
megane_20_ide_00,26600,2000,414,4
megane_20_ide_00,26600,2000,414,7
megane_20_ide_00,26600,2000,414,6
megane_20_ide_00,26600,2000,414,5
mgf_vvc_97,40810,1997,405,8
mgf_vvc_97,40810,1997,405,7
mgf_vvc_97,40810,1997,405,9
mgf_vvc_97,40810,1997,405,3
mgf_vvc_97,40810,1997,405,2
mgf_vvc_97,40810,1997,405,1
mgf_vvc_97,40810,1997,405,6
mgf_vvc_97,40810,1997,405,5
mgf_vvc_97,40810,1997,405,4
miata_18rs_98,22950,1998,706,6
miata_18rs_98,22950,1998,706,1
miata_18rs_98,22950,1998,706,2
miata_18rs_98,22950,1998,706,5
miata_18rs_98,22950,1998,706,4
miata_18rs_98,22950,1998,706,3
miata_j_lim2_93,20300,1993,622,1
miata_j_lim_91,19000,1991,620,1
miata_rs_00,23280,2000,708,5
miata_rs_00,23280,2000,708,2
miata_rs_00,23280,2000,708,4
miata_rs_00,23280,2000,708,3
miata_rs_00,23280,2000,708,6
miata_rs_00,23280,2000,708,1
miata_sr_lim_97,18980,1997,628,1
miata_sr_lim_97,18980,1997,628,2
miata_sspl1_95,19950,1995,618,2
miata_sspl1_95,19950,1995,618,4
miata_sspl1_95,19950,1995,618,3
miata_sspl1_95,19950,1995,618,1
miata_us_89,17000,1989,616,3
miata_us_89,17000,1989,616,4
miata_us_89,17000,1989,616,1
miata_us_89,17000,1989,616,2
miata_vr_lim_95,20800,1995,626,2
miata_vr_lim_95,20800,1995,626,1
miata_vspl2_93,24000,1993,624,1
miata_vspl2_93,24000,1993,624,2
miata_vspl2_93,24000,1993,624,3
midget2_d_type_98,5740,1998,132,4
midget2_d_type_98,5740,1998,132,5
midget2_d_type_98,5740,1998,132,6
midget2_d_type_98,5740,1998,132,1
midget2_d_type_98,5740,1998,132,2
midget2_d_type_98,5740,1998,132,3
minica_dungun_zz_89,10180,1989,430,5
minica_dungun_zz_89,10180,1989,430,4
minica_dungun_zz_89,10180,1989,430,1
minica_dungun_zz_89,10180,1989,430,2
minica_dungun_zz_89,10180,1989,430,3
mira_tr_xx_avar_97,11140,1997,31,3
mira_tr_xx_avar_97,11140,1997,31,1
mira_tr_xx_avar_97,11140,1997,31,2
mirage_cyborg_zr_97,19080,1997,315,2
mirage_cyborg_zr_97,19080,1997,315,1
mirage_cyborg_zr_97,19080,1997,315,6
mirage_cyborg_zr_97,19080,1997,315,3
mirage_cyborg_zr_97,19080,1997,315,4
mirage_cyborg_zr_97,19080,1997,315,5
move_cx_2wd_95,10690,1995,133,5
move_cx_2wd_95,10690,1995,133,6
move_cx_2wd_95,10690,1995,133,7
move_cx_2wd_95,10690,1995,133,4
move_cx_2wd_95,10690,1995,133,1
move_cx_2wd_95,10690,1995,133,2
move_cx_2wd_95,10690,1995,133,3
move_srxx_2wd_97,11590,1997,604,2
move_srxx_2wd_97,11590,1997,604,1
move_srxx_2wd_97,11590,1997,604,6
move_srxx_2wd_97,11590,1997,604,3
move_srxx_2wd_97,11590,1997,604,4
move_srxx_2wd_97,11590,1997,604,5
move_srxx_4wd_97,12590,1997,605,1
move_srxx_4wd_97,12590,1997,605,5
move_srxx_4wd_97,12590,1997,605,6
move_srxx_4wd_97,12590,1997,605,4
move_srxx_4wd_97,12590,1997,605,3
move_srxx_4wd_97,12590,1997,605,2
mr2_1600_g_86,16910,1986,671,5
mr2_1600_g_86,16910,1986,671,1
mr2_1600_g_86,16910,1986,671,2
mr2_1600_g_86,16910,1986,671,3
mr2_1600_g_86,16910,1986,671,4
mr2_1600_glim_sc_86,21000,1986,97,1
mr2_1600_glim_sc_86,21000,1986,97,4
mr2_1600_glim_sc_86,21000,1986,97,5
mr2_1600_glim_sc_86,21000,1986,97,2
mr2_1600_glim_sc_86,21000,1986,97,3
mr2_glimited_97,23600,1997,828,2
mr2_glimited_97,23600,1997,828,1
mr2_glimited_97,23600,1997,828,5
mr2_glimited_97,23600,1997,828,4
mr2_glimited_97,23600,1997,828,3
mr2_glimited_97,23600,1997,828,6
mr2_gts_97,27130,1997,111,2
mr2_gts_97,27130,1997,111,1
mr2_gts_97,27130,1997,111,3
mr2_gts_97,27130,1997,111,4
mr2_gts_97,27130,1997,111,6
mr2_gts_97,27130,1997,111,5
mr2_spyder_us_99,19800,1999,856,6
mr2_spyder_us_99,19800,1999,856,5
mr2_spyder_us_99,19800,1999,856,2
mr2_spyder_us_99,19800,1999,856,1
mr2_spyder_us_99,19800,1999,856,4
mr2_spyder_us_99,19800,1999,856,3
mr2_spyder_us_99,19800,1999,856,7
mustang_svt_cobrar_00,57300,2000,375,1
mx5_gms_05,0,2005,948,6
mx5_gms_05,0,2005,948,7
mx5_gms_05,0,2005,948,8
mx5_gms_05,0,2005,948,5
mx5_gms_05,0,2005,948,2
mx5_gms_05,0,2005,948,1
mx5_gms_05,0,2005,948,4
mx5_gms_05,0,2005,948,3
nsx_90,80030,1990,461,7
nsx_90,80030,1990,461,2
nsx_90,80030,1990,461,1
nsx_90,80030,1990,461,6
nsx_90,80030,1990,461,3
nsx_90,80030,1990,461,4
nsx_90,80030,1990,461,5
nsx_93,83070,1993,462,1
nsx_93,83070,1993,462,2
nsx_93,83070,1993,462,5
nsx_93,83070,1993,462,6
nsx_93,83070,1993,462,7
nsx_93,83070,1993,462,4
nsx_93,83070,1993,462,3
nsx_93,83070,1993,462,11
nsx_93,83070,1993,462,12
nsx_93,83070,1993,462,9
nsx_93,83070,1993,462,8
nsx_93,83070,1993,462,10
nsx_95,84570,1995,463,10
nsx_95,84570,1995,463,11
nsx_95,84570,1995,463,8
nsx_95,84570,1995,463,9
nsx_95,84570,1995,463,4
nsx_95,84570,1995,463,7
nsx_95,84570,1995,463,5
nsx_95,84570,1995,463,6
nsx_95,84570,1995,463,1
nsx_95,84570,1995,463,12
nsx_95,84570,1995,463,2
nsx_95,84570,1995,463,3
nsx_95,84570,1995,463,13
nsx_97,91070,1997,464,10
nsx_97,91070,1997,464,9
nsx_97,91070,1997,464,8
nsx_97,91070,1997,464,11
nsx_97,91070,1997,464,5
nsx_97,91070,1997,464,1
nsx_97,91070,1997,464,3
nsx_97,91070,1997,464,4
nsx_97,91070,1997,464,12
nsx_97,91070,1997,464,13
nsx_97,91070,1997,464,6
nsx_97,91070,1997,464,7
nsx_97,91070,1997,464,2
nsx_97,91070,1997,464,14
nsx_99,92070,1999,465,11
nsx_99,92070,1999,465,6
nsx_99,92070,1999,465,12
nsx_99,92070,1999,465,13
nsx_99,92070,1999,465,14
nsx_99,92070,1999,465,15
nsx_99,92070,1999,465,1
nsx_99,92070,1999,465,2
nsx_99,92070,1999,465,5
nsx_99,92070,1999,465,4
nsx_99,92070,1999,465,3
nsx_99,92070,1999,465,10
nsx_99,92070,1999,465,7
nsx_99,92070,1999,465,8
nsx_99,92070,1999,465,9
nsx_r_92,97070,1992,379,8
nsx_r_92,97070,1992,379,7
nsx_r_92,97070,1992,379,9
nsx_r_92,97070,1992,379,2
nsx_r_92,97070,1992,379,1
nsx_r_92,97070,1992,379,4
nsx_r_92,97070,1992,379,3
nsx_r_92,97070,1992,379,6
nsx_r_92,97070,1992,379,5
nsx_s_97,103570,1997,466,8
nsx_s_97,103570,1997,466,7
nsx_s_97,103570,1997,466,15
nsx_s_97,103570,1997,466,11
nsx_s_97,103570,1997,466,10
nsx_s_97,103570,1997,466,9
nsx_s_97,103570,1997,466,3
nsx_s_97,103570,1997,466,2
nsx_s_97,103570,1997,466,1
nsx_s_97,103570,1997,466,6
nsx_s_97,103570,1997,466,5
nsx_s_97,103570,1997,466,4
nsx_s_97,103570,1997,466,14
nsx_s_97,103570,1997,466,12
nsx_s_97,103570,1997,466,13
nsx_s_99,103570,1999,467,2
nsx_s_99,103570,1999,467,8
nsx_s_99,103570,1999,467,7
nsx_s_99,103570,1999,467,4
nsx_s_99,103570,1999,467,3
nsx_s_99,103570,1999,467,6
nsx_s_99,103570,1999,467,5
nsx_s_99,103570,1999,467,9
nsx_s_99,103570,1999,467,14
nsx_s_99,103570,1999,467,13
nsx_s_99,103570,1999,467,16
nsx_s_99,103570,1999,467,15
nsx_s_99,103570,1999,467,11
nsx_s_99,103570,1999,467,10
nsx_s_99,103570,1999,467,12
nsx_s_99,103570,1999,467,1
nsx_s_zero_97,98570,1997,42,9
nsx_s_zero_97,98570,1997,42,8
nsx_s_zero_97,98570,1997,42,10
nsx_s_zero_97,98570,1997,42,11
nsx_s_zero_97,98570,1997,42,12
nsx_s_zero_97,98570,1997,42,7
nsx_s_zero_97,98570,1997,42,3
nsx_s_zero_97,98570,1997,42,2
nsx_s_zero_97,98570,1997,42,1
nsx_s_zero_97,98570,1997,42,6
nsx_s_zero_97,98570,1997,42,5
nsx_s_zero_97,98570,1997,42,4
nsx_s_zero_97,98570,1997,42,15
nsx_s_zero_97,98570,1997,42,14
nsx_s_zero_97,98570,1997,42,13
nsx_s_zero_99,98570,1999,468,6
nsx_s_zero_99,98570,1999,468,5
nsx_s_zero_99,98570,1999,468,8
nsx_s_zero_99,98570,1999,468,7
nsx_s_zero_99,98570,1999,468,2
nsx_s_zero_99,98570,1999,468,1
nsx_s_zero_99,98570,1999,468,4
nsx_s_zero_99,98570,1999,468,3
nsx_s_zero_99,98570,1999,468,14
nsx_s_zero_99,98570,1999,468,13
nsx_s_zero_99,98570,1999,468,16
nsx_s_zero_99,98570,1999,468,15
nsx_s_zero_99,98570,1999,468,12
nsx_s_zero_99,98570,1999,468,9
nsx_s_zero_99,98570,1999,468,10
nsx_s_zero_99,98570,1999,468,11
opel_tigra_16i_99,29140,1999,265,3
opel_tigra_16i_99,29140,1999,265,2
opel_tigra_16i_99,29140,1999,265,4
opel_tigra_16i_99,29140,1999,265,5
opel_tigra_16i_99,29140,1999,265,8
opel_tigra_16i_99,29140,1999,265,1
opel_tigra_16i_99,29140,1999,265,6
opel_tigra_16i_99,29140,1999,265,7
panda_super_ie_90,14600,1990,135,4
panda_super_ie_90,14600,1990,135,3
panda_super_ie_90,14600,1990,135,2
panda_super_ie_90,14600,1990,135,6
panda_super_ie_90,14600,1990,135,1
panda_super_ie_90,14600,1990,135,5
pao_89,15400,1989,725,3
pao_89,15400,1989,725,2
pao_89,15400,1989,725,1
pao_89,15400,1989,725,4
piazza_xe_81,24650,1981,83,4
piazza_xe_81,24650,1981,83,5
piazza_xe_81,24650,1981,83,2
piazza_xe_81,24650,1981,83,3
piazza_xe_81,24650,1981,83,6
piazza_xe_81,24650,1981,83,1
prelude_s_96,26530,1996,9,3
prelude_s_96,26530,1996,9,7
prelude_s_96,26530,1996,9,8
prelude_s_96,26530,1996,9,4
prelude_s_96,26530,1996,9,1
prelude_s_96,26530,1996,9,2
prelude_s_96,26530,1996,9,6
prelude_s_96,26530,1996,9,5
prelude_s_98,24930,1998,524,3
prelude_s_98,24930,1998,524,4
prelude_s_98,24930,1998,524,5
prelude_s_98,24930,1998,524,1
prelude_s_98,24930,1998,524,6
prelude_s_98,24930,1998,524,2
prelude_si_vtec_91,22050,1991,330,4
prelude_si_vtec_91,22050,1991,330,6
prelude_si_vtec_91,22050,1991,330,5
prelude_si_vtec_91,22050,1991,330,1
prelude_si_vtec_91,22050,1991,330,2
prelude_si_vtec_91,22050,1991,330,3
prelude_sir_96,21830,1996,142,6
prelude_sir_96,21830,1996,142,1
prelude_sir_96,21830,1996,142,2
prelude_sir_96,21830,1996,142,4
prelude_sir_96,21830,1996,142,5
prelude_sir_96,21830,1996,142,3
prelude_sir_96,21830,1996,142,8
prelude_sir_96,21830,1996,142,7
prelude_sir_s_98,22930,1998,523,2
prelude_sir_s_98,22930,1998,523,3
prelude_sir_s_98,22930,1998,523,4
prelude_sir_s_98,22930,1998,523,6
prelude_sir_s_98,22930,1998,523,1
prelude_sir_s_98,22930,1998,523,5
prius_g_02,22800,2002,79,8
prius_g_02,22800,2002,79,1
prius_g_02,22800,2002,79,2
prius_g_02,22800,2002,79,3
prius_g_02,22800,2002,79,6
prius_g_02,22800,2002,79,5
prius_g_02,22800,2002,79,4
prius_g_02,22800,2002,79,7
r30_skyline_ht2000_rsx_tc_84,27750,1984,298,2
r30_skyline_ht2000_rsx_tc_84,27750,1984,298,1
r30_skyline_ht2000_rsx_tc_84,27750,1984,298,3
r30_skyline_ht2000_rsx_tc_84,27750,1984,298,4
r30_skyline_ht2000_turbo_rs_83,25180,1983,281,3
r30_skyline_ht2000_turbo_rs_83,25180,1983,281,2
r30_skyline_ht2000_turbo_rs_83,25180,1983,281,1
r30_skyline_ht2000_turbo_rs_83,25180,1983,281,4
r31_skyline_gtsr_87,34000,1987,91,1
r32_gtr_v2_94,52900,1994,57,5
r32_gtr_v2_94,52900,1994,57,4
r32_gtr_v2_94,52900,1994,57,3
r32_gtr_v2_94,52900,1994,57,2
r32_gtr_v2_94,52900,1994,57,1
r32_gtst_m_91,26610,1991,372,3
r32_gtst_m_91,26610,1991,372,4
r32_gtst_m_91,26610,1991,372,1
r32_gtst_m_91,26610,1991,372,2
r32_gtst_m_91,26610,1991,372,7
r32_gtst_m_91,26610,1991,372,8
r32_gtst_m_91,26610,1991,372,5
r32_gtst_m_91,26610,1991,372,6
r32_skyline_gtr_89,44500,1989,688,5
r32_skyline_gtr_89,44500,1989,688,2
r32_skyline_gtr_89,44500,1989,688,1
r32_skyline_gtr_89,44500,1989,688,4
r32_skyline_gtr_89,44500,1989,688,3
r32_skyline_gtr_91,45100,1991,695,4
r32_skyline_gtr_91,45100,1991,695,5
r32_skyline_gtr_91,45100,1991,695,6
r32_skyline_gtr_91,45100,1991,695,1
r32_skyline_gtr_91,45100,1991,695,2
r32_skyline_gtr_91,45100,1991,695,3
r32_skyline_gtr_91,45100,1991,695,7
r32_skyline_gtr_n1_91,43050,1991,823,1
r32_skyline_gtr_v_93,52600,1993,696,2
r32_skyline_gtr_v_93,52600,1993,696,1
r32_skyline_gtr_v_93,52600,1993,696,5
r32_skyline_gtr_v_93,52600,1993,696,4
r32_skyline_gtr_v_93,52600,1993,696,3
r32_skyline_gtr_v_n1_93,50900,1993,824,1
r32_skyline_gts25_s_91,24430,1991,904,7
r32_skyline_gts25_s_91,24430,1991,904,6
r32_skyline_gts25_s_91,24430,1991,904,4
r32_skyline_gts25_s_91,24430,1991,904,3
r32_skyline_gts25_s_91,24430,1991,904,2
r32_skyline_gts25_s_91,24430,1991,904,1
r32_skyline_gts25_s_91,24430,1991,904,5
r32_skyline_gts25_s_91,24430,1991,904,8
r32_skyline_gtst_m_89,23850,1989,697,1
r32_skyline_gtst_m_89,23850,1989,697,3
r32_skyline_gtst_m_89,23850,1989,697,2
r32_skyline_gtst_m_89,23850,1989,697,4
r32_skyline_gtst_m_89,23850,1989,697,6
r32_skyline_gtst_m_89,23850,1989,697,5
r32_skyline_gtst_m_89,23850,1989,697,7
r33_gtr_v_97,53900,1997,489,5
r33_gtr_v_97,53900,1997,489,6
r33_gtr_v_97,53900,1997,489,7
r33_gtr_v_97,53900,1997,489,1
r33_gtr_v_97,53900,1997,489,2
r33_gtr_v_97,53900,1997,489,4
r33_gtr_v_97,53900,1997,489,3
r33_skyline_gtr_95,47850,1995,482,6
r33_skyline_gtr_95,47850,1995,482,7
r33_skyline_gtr_95,47850,1995,482,2
r33_skyline_gtr_95,47850,1995,482,1
r33_skyline_gtr_95,47850,1995,482,3
r33_skyline_gtr_95,47850,1995,482,5
r33_skyline_gtr_95,47850,1995,482,4
r33_skyline_gtr_96,48250,1996,485,6
r33_skyline_gtr_96,48250,1996,485,7
r33_skyline_gtr_96,48250,1996,485,2
r33_skyline_gtr_96,48250,1996,485,3
r33_skyline_gtr_96,48250,1996,485,1
r33_skyline_gtr_96,48250,1996,485,5
r33_skyline_gtr_96,48250,1996,485,4
r33_skyline_gtr_97,48850,1997,488,5
r33_skyline_gtr_97,48850,1997,488,6
r33_skyline_gtr_97,48850,1997,488,7
r33_skyline_gtr_97,48850,1997,488,2
r33_skyline_gtr_97,48850,1997,488,3
r33_skyline_gtr_97,48850,1997,488,4
r33_skyline_gtr_97,48850,1997,488,1
r33_skyline_gtr_n1_95,59900,1995,484,1
r33_skyline_gtr_v_95,52900,1995,483,6
r33_skyline_gtr_v_95,52900,1995,483,7
r33_skyline_gtr_v_95,52900,1995,483,3
r33_skyline_gtr_v_95,52900,1995,483,2
r33_skyline_gtr_v_95,52900,1995,483,1
r33_skyline_gtr_v_95,52900,1995,483,5
r33_skyline_gtr_v_95,52900,1995,483,4
r33_skyline_gtr_v_96,53300,1996,486,7
r33_skyline_gtr_v_96,53300,1996,486,6
r33_skyline_gtr_v_96,53300,1996,486,5
r33_skyline_gtr_v_96,53300,1996,486,4
r33_skyline_gtr_v_96,53300,1996,486,1
r33_skyline_gtr_v_96,53300,1996,486,2
r33_skyline_gtr_v_96,53300,1996,486,3
r33_skyline_gtr_v_lm_96,53900,1996,487,1
r34_gtr_v_99,55980,1999,394,5
r34_gtr_v_99,55980,1999,394,6
r34_gtr_v_99,55980,1999,394,7
r34_gtr_v_99,55980,1999,394,4
r34_gtr_v_99,55980,1999,394,1
r34_gtr_v_99,55980,1999,394,2
r34_gtr_v_99,55980,1999,394,3
r34_skyline_gtr_99,49980,1999,393,5
r34_skyline_gtr_99,49980,1999,393,6
r34_skyline_gtr_99,49980,1999,393,7
r34_skyline_gtr_99,49980,1999,393,4
r34_skyline_gtr_99,49980,1999,393,1
r34_skyline_gtr_99,49980,1999,393,2
r34_skyline_gtr_99,49980,1999,393,3
r34_skyline_gtr_sc_mp2_99,49980,1999,396,1
r34_skyline_gtr_v_n1_99,59980,1999,395,1
r390_race_98,4500000,1998,92,2
r92cp_92,3500000,1992,818,2
rx7_a3_eu_90,27040,1990,303,1
rx7_gt_lim_eu_85,16900,1985,785,3
rx7_gt_lim_eu_85,16900,1985,785,2
rx7_gt_lim_eu_85,16900,1985,785,1
rx7_gt_lim_eu_85,16900,1985,785,4
rx7_gtx_eu_90,24860,1990,784,4
rx7_gtx_eu_90,24860,1990,784,5
rx7_gtx_eu_90,24860,1990,784,2
rx7_gtx_eu_90,24860,1990,784,1
rx7_gtx_eu_90,24860,1990,784,3
rx7_r_br_01,33980,2001,471,2
rx7_r_br_01,33980,2001,471,1
rx7_r_br_01,33980,2001,471,3
rx7_r_eu_91,38500,1991,802,1
rx7_r_eu_91,38500,1991,802,2
rx7_r_eu_91,38500,1991,802,3
rx7_r_eu_91,38500,1991,802,4
rx7_r_eu_91,38500,1991,802,5
rx7_r_eu_93,39100,1993,805,2
rx7_r_eu_93,39100,1993,805,3
rx7_r_eu_93,39100,1993,805,1
rx7_r_eu_93,39100,1993,805,5
rx7_r_eu_93,39100,1993,805,4
rx7_r_s_eu_95,38900,1995,807,3
rx7_r_s_eu_95,38900,1995,807,4
rx7_r_s_eu_95,38900,1995,807,1
rx7_r_s_eu_95,38900,1995,807,2
rx7_rs_00,38480,2000,475,4
rx7_rs_00,38480,2000,475,3
rx7_rs_00,38480,2000,475,5
rx7_rs_00,38480,2000,475,1
rx7_rs_00,38480,2000,475,2
rx7_rs_98,37780,1998,473,3
rx7_rs_98,37780,1998,473,2
rx7_rs_98,37780,1998,473,4
rx7_rs_98,37780,1998,473,1
rx7_rs_98,37780,1998,473,5
rx7_rs_eu_96,36650,1996,809,3
rx7_rs_eu_96,36650,1996,809,4
rx7_rs_eu_96,36650,1996,809,2
rx7_rs_eu_96,36650,1996,809,1
rx7_rsr_97,36250,1997,800,2
rx7_rsr_97,36250,1997,800,1
rx7_rz_00,39980,2000,472,1
rx7_rz_eu_92,40150,1992,803,1
rx7_rz_eu_93,43500,1993,804,1
rx7_rz_eu_95,39600,1995,806,1
rx7_rz_eu_96,39750,1996,808,1
s13_ks_88,18860,1988,55,6
s13_ks_88,18860,1988,55,3
s13_ks_88,18860,1988,55,4
s13_ks_88,18860,1988,55,5
s13_ks_88,18860,1988,55,2
s13_ks_88,18860,1988,55,1
s13_ks_91,20390,1991,324,5
s13_ks_91,20390,1991,324,6
s13_ks_91,20390,1991,324,7
s13_ks_91,20390,1991,324,4
s13_ks_91,20390,1991,324,1
s13_ks_91,20390,1991,324,2
s13_ks_91,20390,1991,324,3
s13_silvia_qs_88,15560,1988,709,5
s13_silvia_qs_88,15560,1988,709,6
s13_silvia_qs_88,15560,1988,709,4
s13_silvia_qs_88,15560,1988,709,1
s13_silvia_qs_88,15560,1988,709,2
s13_silvia_qs_88,15560,1988,709,3
s13_silvia_qs_91,16210,1991,720,3
s13_silvia_qs_91,16210,1991,720,2
s13_silvia_qs_91,16210,1991,720,1
s13_silvia_qs_91,16210,1991,720,4
s13_silvia_qs_91,16210,1991,720,7
s13_silvia_qs_91,16210,1991,720,6
s13_silvia_qs_91,16210,1991,720,5
s14_silvia_ks_aero_93,25340,1993,551,6
s14_silvia_ks_aero_93,25340,1993,551,2
s14_silvia_ks_aero_93,25340,1993,551,1
s14_silvia_ks_aero_93,25340,1993,551,3
s14_silvia_ks_aero_93,25340,1993,551,5
s14_silvia_ks_aero_93,25340,1993,551,4
s14_silvia_qs_aero_93,21190,1993,721,3
s14_silvia_qs_aero_93,21190,1993,721,2
s14_silvia_qs_aero_93,21190,1993,721,1
s14_silvia_qs_aero_93,21190,1993,721,4
s14_silvia_qs_aero_93,21190,1993,721,6
s14_silvia_qs_aero_93,21190,1993,721,5
s14_silvia_qs_aero_96,21750,1996,722,4
s14_silvia_qs_aero_96,21750,1996,722,6
s14_silvia_qs_aero_96,21750,1996,722,5
s14_silvia_qs_aero_96,21750,1996,722,1
s14_silvia_qs_aero_96,21750,1996,722,2
s14_silvia_qs_aero_96,21750,1996,722,3
s15_silvia_specs_aero_99,25600,1999,715,4
s15_silvia_specs_aero_99,25600,1999,715,5
s15_silvia_specs_aero_99,25600,1999,715,1
s15_silvia_specs_aero_99,25600,1999,715,3
s15_silvia_specs_aero_99,25600,1999,715,2
s15_silvia_specs_aero_99,25600,1999,715,6
s15_specr_aero_99,20700,1999,425,3
s15_specr_aero_99,20700,1999,425,2
s15_specr_aero_99,20700,1999,425,1
s15_specr_aero_99,20700,1999,425,5
s15_specr_aero_99,20700,1999,425,6
s15_specr_aero_99,20700,1999,425,4
s2000_a_99,33800,1999,639,2
s2000_a_99,33800,1999,639,5
s2000_a_99,33800,1999,639,1
s2000_a_99,33800,1999,639,3
s2000_a_99,33800,1999,639,4
s2000_typev_us_00,35600,2000,752,1
s2000_typev_us_00,35600,2000,752,3
s2000_typev_us_00,35600,2000,752,2
s2000_typev_us_01,36100,2001,754,1
s2000_typev_us_01,36100,2001,754,2
s2000_typev_us_01,36100,2001,754,3
s2000_us_01,34300,2001,646,6
s2000_us_01,34300,2001,646,5
s2000_us_01,34300,2001,646,1
s2000_us_01,34300,2001,646,3
s2000_us_01,34300,2001,646,4
s2000_us_01,34300,2001,646,2
s4_98,71220,1998,522,10
s4_98,71220,1998,522,9
s4_98,71220,1998,522,8
s4_98,71220,1998,522,11
s4_98,71220,1998,522,14
s4_98,71220,1998,522,15
s4_98,71220,1998,522,12
s4_98,71220,1998,522,13
s4_98,71220,1998,522,4
s4_98,71220,1998,522,3
s4_98,71220,1998,522,5
s4_98,71220,1998,522,7
s4_98,71220,1998,522,6
s4_98,71220,1998,522,2
s4_98,71220,1998,522,1
sc300_us_97,35000,1997,853,4
sc300_us_97,35000,1997,853,5
sc300_us_97,35000,1997,853,3
sc300_us_97,35000,1997,853,1
sc300_us_97,35000,1997,853,2
sc300_us_97,35000,1997,853,7
sc300_us_97,35000,1997,853,6
sera_92,18810,1992,292,4
sera_92,18810,1992,292,3
sera_92,18810,1992,292,2
sera_92,18810,1992,292,1
silvia_varietta_00,27980,2000,426,3
silvia_varietta_00,27980,2000,426,1
silvia_varietta_00,27980,2000,426,4
silvia_varietta_00,27980,2000,426,2
sl500_98,168090,1998,694,8
sl500_98,168090,1998,694,11
sl500_98,168090,1998,694,5
sl500_98,168090,1998,694,10
sl500_98,168090,1998,694,15
sl500_98,168090,1998,694,6
sl500_98,168090,1998,694,16
sl500_98,168090,1998,694,9
sl500_98,168090,1998,694,3
sl500_98,168090,1998,694,12
sl500_98,168090,1998,694,4
sl500_98,168090,1998,694,7
sl500_98,168090,1998,694,1
sl500_98,168090,1998,694,14
sl500_98,168090,1998,694,2
sl500_98,168090,1998,694,13
sl600_98,210270,1998,727,12
sl600_98,210270,1998,727,11
sl600_98,210270,1998,727,14
sl600_98,210270,1998,727,13
sl600_98,210270,1998,727,2
sl600_98,210270,1998,727,3
sl600_98,210270,1998,727,10
sl600_98,210270,1998,727,4
sl600_98,210270,1998,727,7
sl600_98,210270,1998,727,8
sl600_98,210270,1998,727,9
sl600_98,210270,1998,727,6
sl600_98,210270,1998,727,16
sl600_98,210270,1998,727,15
sl600_98,210270,1998,727,1
sl600_98,210270,1998,727,5
slk230_komp_98,42130,1998,686,4
slk230_komp_98,42130,1998,686,5
slk230_komp_98,42130,1998,686,3
slk230_komp_98,42130,1998,686,9
slk230_komp_98,42130,1998,686,2
slk230_komp_98,42130,1998,686,1
slk230_komp_98,42130,1998,686,6
slk230_komp_98,42130,1998,686,7
slk230_komp_98,42130,1998,686,8
stagea_25t_rs_fours_98,32600,1998,825,5
stagea_25t_rs_fours_98,32600,1998,825,4
stagea_25t_rs_fours_98,32600,1998,825,7
stagea_25t_rs_fours_98,32600,1998,825,6
stagea_25t_rs_fours_98,32600,1998,825,2
stagea_25t_rs_fours_98,32600,1998,825,1
stagea_25t_rs_fours_98,32600,1998,825,3
stagea_260rs_autech_98,45000,1998,831,1
stagea_260rs_autech_98,45000,1998,831,2
stagea_260rs_autech_98,45000,1998,831,3
starlet_granza_v_97,14300,1997,653,4
starlet_granza_v_97,14300,1997,653,3
starlet_granza_v_97,14300,1997,653,1
starlet_granza_v_97,14300,1997,653,2
storia_cx_2wd_98,10380,1998,837,5
storia_cx_2wd_98,10380,1998,837,6
storia_cx_2wd_98,10380,1998,837,1
storia_cx_2wd_98,10380,1998,837,3
storia_cx_2wd_98,10380,1998,837,2
storia_cx_2wd_98,10380,1998,837,4
storia_cx_4wd_98,11830,1998,836,3
storia_cx_4wd_98,11830,1998,836,2
storia_cx_4wd_98,11830,1998,836,1
storia_cx_4wd_98,11830,1998,836,4
storia_cx_4wd_98,11830,1998,836,6
storia_cx_4wd_98,11830,1998,836,5
supra_25gt_ttr_90,32740,1990,21,4
supra_25gt_ttr_90,32740,1990,21,5
supra_25gt_ttr_90,32740,1990,21,3
supra_25gt_ttr_90,32740,1990,21,1
supra_25gt_ttr_90,32740,1990,21,2
supra_30gt_turbo_a_88,40510,1988,514,1
supra_rz_97,43900,1997,67,4
supra_rz_97,43900,1997,67,5
supra_rz_97,43900,1997,67,6
supra_rz_97,43900,1997,67,1
supra_rz_97,43900,1997,67,2
supra_rz_97,43900,1997,67,3
supra_szr_97,34000,1997,498,3
supra_szr_97,34000,1997,498,6
supra_szr_97,34000,1997,498,2
supra_szr_97,34000,1997,498,5
supra_szr_97,34000,1997,498,4
supra_szr_97,34000,1997,498,1
taurus_sho_98,27510,1998,278,3
taurus_sho_98,27510,1998,278,5
taurus_sho_98,27510,1998,278,1
taurus_sho_98,27510,1998,278,2
taurus_sho_98,27510,1998,278,4
today_g_85,6700,1985,144,2
today_g_85,6700,1985,144,1
today_g_85,6700,1985,144,4
today_g_85,6700,1985,144,3
trueno_bzr_98,18900,1998,99,6
trueno_bzr_98,18900,1998,99,5
trueno_bzr_98,18900,1998,99,1
trueno_bzr_98,18900,1998,99,4
trueno_bzr_98,18900,1998,99,3
trueno_bzr_98,18900,1998,99,2
trueno_gt_apex_83,15360,1983,66,2
trueno_gt_apex_83,15360,1983,66,1
trueno_gt_apex_shigeno_00,52500,2000,308,1
v8_vantage_99,448000,1999,502,7
v8_vantage_99,448000,1999,502,4
v8_vantage_99,448000,1999,502,3
v8_vantage_99,448000,1999,502,6
v8_vantage_99,448000,1999,502,5
v8_vantage_99,448000,1999,502,1
v8_vantage_99,448000,1999,502,2
v8s_91,59400,1991,209,2
v8s_91,59400,1991,209,1
v8s_91,59400,1991,209,3
v8s_91,59400,1991,209,5
v8s_91,59400,1991,209,4
vitz_euro_00,12880,2000,211,2
vitz_euro_00,12880,2000,211,1
vitz_euro_00,12880,2000,211,3
vitz_euro_00,12880,2000,211,5
vitz_euro_00,12880,2000,211,4
vitz_f_99,9800,1999,898,2
vitz_f_99,9800,1999,898,1
vitz_f_99,9800,1999,898,3
vitz_f_99,9800,1999,898,6
vitz_f_99,9800,1999,898,7
vitz_f_99,9800,1999,898,4
vitz_f_99,9800,1999,898,5
wagon_r_rr_98,12820,1998,760,2
wagon_r_rr_98,12820,1998,760,4
wagon_r_rr_98,12820,1998,760,3
wagon_r_rr_98,12820,1998,760,1
xkr_coupe_99,128000,1999,693,4
xkr_coupe_99,128000,1999,693,6
xkr_coupe_99,128000,1999,693,7
xkr_coupe_99,128000,1999,693,1
xkr_coupe_99,128000,1999,693,2
xkr_coupe_99,128000,1999,693,5
xkr_coupe_99,128000,1999,693,8
xkr_coupe_99,128000,1999,693,3
