RowId,Label,Df_Tbl_Index,DefaultParts,Price,Year,RegulationDisplacementFlags,Maker,Category,GeneralFlags,ConceptCarType,OpenModel,NoChangeWheel,NoChangeWing,SuperchargerOriginally
21,_117_coupe_68,2698,36,38900,1968,13314,56,0,3,0,0,0,1,0
22,_147_20_twinspark_02,2699,36,30590,2002,775,3,0,0,0,0,0,0,0
25,_300zx_2seat_us_98,2702,36,39900,1998,6658,28,0,0,0,0,0,0,0
27,_500_f_65,2704,36,20770,1965,3079,12,0,1,0,0,0,1,0
28,alpine_a110_16s_73,2705,36,60200,1973,6,86,0,1,0,0,0,0,0
29,altoworks_sport_ltd_97,2706,36,11150,1997,9218,39,0,0,0,0,0,0,0
31,camaro_z28_302_69,2708,36,65000,1969,1795,7,0,0,0,0,0,1,0
32,camaro_z28_coupe_97,2709,36,24110,1997,1795,7,0,0,0,0,0,0,0
35,celica_ss2_97,2712,36,21360,1997,9986,43,0,0,0,0,0,0,0
36,chevelle_ss_454_ls6_70,2713,36,70000,1970,1795,7,0,1,0,0,0,0,0
37,civic_sir2_93,2714,36,16380,1993,3842,15,0,0,0,0,0,0,0
38,clio_renaultsport_20_02,2715,36,29700,2002,8198,34,0,0,0,0,0,0,0
40,corvette_gs_96,2717,36,45900,1996,1795,7,0,0,0,0,0,0,0
41,corvette_l46_350_69,2718,36,71500,1969,1795,7,0,0,0,0,0,0,0
42,crossfire_04,2719,36,35670,2004,2051,8,0,0,0,0,0,0,0
43,cuda_440_6_71,2720,36,58360,1971,13059,55,0,0,0,0,0,0,0
45,dodge_viper_gtsr_oreca_00,2648,36,1000000,2000,2819,11,1,0,0,0,1,1,0
46,elise2000_00,2723,36,41060,2000,5124,20,0,16,0,0,0,0,0
49,focus_rs_02,2726,36,41410,2002,3331,13,0,0,0,0,0,0,0
50,ford_gt_concept_gulf_02,2653,36,1000000,2002,3331,13,1,0,0,0,0,1,0
51,fto_gpr_97,2728,36,21600,1997,6402,25,0,0,0,0,0,0,0
52,giulia_sprint_gta_65,2729,36,113010,1965,775,3,0,1,0,0,0,1,0
53,golf_gti_01,2730,36,31800,2001,10757,46,0,0,0,0,0,0,0
55,gtr_concept_lm_01,2658,36,1500000,2002,6658,28,1,0,0,0,1,1,0
56,impreza_wrc_03,2659,36,750000,2003,8962,38,1,0,0,0,1,1,0
57,impreza_wrx_pro_01,2734,36,31450,2001,8962,38,0,0,0,0,0,0,0
58,impreza_wrx_sti_02,2735,36,28950,2002,8962,38,0,0,0,0,0,0,0
59,ka_01,2736,36,12920,2001,3331,13,0,0,0,0,0,0,0
60,lancer_evo7_gsr_01,2737,36,29980,2001,6402,25,0,0,0,0,0,0,0
62,lancer_evo8_gsr_03,2739,36,32980,2003,6402,25,0,0,0,0,0,0,0
63,levin_gt_apex_83,2740,36,15360,1983,9986,43,0,0,0,0,0,0,0
65,mini_cooper_s_02,2742,36,26790,2002,12036,51,0,0,0,0,0,0,1
66,mira_tr_xx_avar_97,2743,36,11140,1997,2562,10,0,0,0,0,0,0,0
67,nsx_r_proto_lm_01,2670,36,1500000,2002,3842,15,1,0,0,0,0,0,0
68,nsx_s_zero_97,2745,36,98570,1997,3842,15,0,0,0,0,0,0,0
69,pontiac_gto_389_348_64,2746,36,52600,1964,12291,52,0,0,0,0,0,1,0
70,pontiac_vibe_gt_03,2747,36,21120,2003,12291,52,0,0,0,0,0,0,0
71,prelude_s_96,2748,36,26530,1996,3842,15,0,0,0,0,0,0,0
75,rx8_lm_01,2678,36,550000,2001,5634,21,1,0,0,0,0,1,0
76,rx8_tmv_01,2753,36,0,2001,5634,21,3,0,0,0,0,0,0
77,s13_ks_88,2754,36,18860,1988,6658,28,0,0,0,0,0,0,0
79,ssr_03,2756,36,44560,2003,1795,7,0,16,0,1,0,0,0
80,storia_x4_98,2757,36,13900,2000,2562,10,0,2,0,0,0,0,0
81,sunfire_gxp_02,2758,36,0,2002,12291,52,3,1,0,0,0,0,1
82,supra_rz_97,2759,36,43900,1997,9986,43,0,0,0,0,0,0,0
85,will_vs_01,2762,36,20500,2001,9986,43,0,0,0,0,0,0,0
87,_147_gta_02,2764,36,48040,2002,775,3,0,0,0,0,0,0,0
89,prius_g_touring_03,2769,36,25700,2003,9986,43,0,0,0,0,0,0,0
90,prius_g_02,2770,36,22800,2002,9986,43,0,0,0,0,0,0,0
92,crx_15i_83,2791,36,12700,1983,3842,15,0,0,0,0,0,0,0
93,city_turbo2_83,2792,36,12380,1983,3842,15,0,0,0,0,0,0,0
95,piazza_xe_81,2794,36,24650,1981,13314,56,0,0,0,0,0,0,0
96,delta_s4_wrc_85,2817,36,1250000,1985,4615,18,1,1,0,0,1,1,0
99,eclipse_gt_95,2797,36,21420,1995,6402,25,0,0,0,0,0,0,0
101,_240rs_gpb_rally_85,2819,36,150000,1985,6658,28,1,1,0,0,1,1,0
102,r31_skyline_gtsr_87,2798,36,34000,1987,6658,28,0,0,0,0,0,0,0
104,sileighty_xx,2800,36,22880,1998,2,0,0,0,0,0,0,0,0
105,_205_t16_wrc_ev2_86,2813,36,1250000,1986,7686,32,1,1,0,0,1,1,0
106,_5_maxi_turbo_rally_85,2820,36,1250000,1985,8198,34,1,1,0,0,1,1,0
107,celica_xx_2800gt_81,2801,36,23230,1981,9986,43,0,0,0,0,0,0,0
108,celica_2000gt_r_86,2802,36,20770,1986,9986,43,0,0,0,0,0,0,0
109,mr2_1600_glim_sc_86,2803,36,21000,1986,9986,43,0,0,0,0,0,0,1
111,celica_gt_four_rc_91,2815,36,31710,1991,9986,43,0,0,0,0,0,0,0
112,levin_bzr_98,2805,36,18900,1998,9986,43,0,0,0,0,0,0,0
113,trueno_bzr_98,2806,36,18900,1998,9986,43,0,0,0,0,0,0,0
114,panoz_esperante_race_98,2787,36,4500000,1998,7427,31,1,0,0,0,1,1,0
115,r390_race_98,2788,36,4500000,1998,6658,28,1,2,0,0,1,1,0
118,legacy_wgn_20gt_b_03,2821,36,30300,2003,8962,38,0,0,0,0,0,0,0
119,legacy_sdn_20gt_b_03,2822,36,28800,2003,8962,38,0,0,0,0,0,0,0
121,impreza_wrc_99,2828,36,750000,1999,8962,38,1,1,0,0,1,1,0
122,legacy_gtb_96,2830,36,29330,1996,8962,38,0,0,0,0,0,0,0
123,legacy_b4_rsk_98,2832,36,25880,1998,8962,38,0,0,0,0,0,0,0
124,legacy_b4_blitzen_00,2834,36,30000,2000,8962,38,0,0,0,0,0,0,0
125,legacy_wgn_30r_03,2836,36,30000,2003,8962,38,0,0,0,0,0,0,0
126,legacy_b4_30r_03,2838,36,28500,2003,8962,38,0,0,0,0,0,0,0
127,_1300_coupe_9s_70,2840,36,12800,1970,3842,15,0,0,0,0,0,0,0
130,insight_mt_99,2843,36,21000,1999,3842,15,0,0,5,0,0,0,0
131,n360_67,2844,36,36000,1967,3842,15,0,1,0,0,0,1,0
132,odyssey_l_4wd_03,2845,36,28650,2003,3842,15,0,0,0,0,0,0,0
134,prelude_sir_96,2847,36,21830,1996,3842,15,0,0,0,0,0,0,0
135,s800_66,2848,36,58000,1966,3842,15,0,17,0,1,0,1,0
136,today_g_85,2849,36,6700,1985,3842,15,0,0,0,0,0,0,0
137,beat_91,2850,36,13800,1991,3842,15,0,16,0,1,0,0,0
138,takata_dome_nsx_03,2851,36,1350000,2003,3842,15,1,0,0,0,1,1,0
139,raybrig_nsx_00,2852,36,1350000,2000,3842,15,1,0,0,0,1,1,0
140,castrol_nsx_00,2853,36,1350000,2000,3842,15,1,0,0,0,1,1,0
141,arta_nsx_00,2854,36,1350000,2000,3842,15,1,0,0,0,1,1,0
142,loctite_nsx_01,2855,36,1350000,2001,3842,15,1,0,0,0,1,1,0
143,mobil_nsx_01,2856,36,1350000,2001,3842,15,1,0,0,0,1,1,0
144,arta_garaiya_03,2868,36,500000,2003,11010,47,1,0,0,0,1,1,0
145,copen_activetop_02,2869,36,14980,2002,2562,10,0,16,0,1,0,0,0
146,midget2_d_type_98,2870,36,5740,1998,2562,10,0,0,0,0,0,1,0
148,spoon_fit_03,2872,36,50000,2003,3842,37,1,0,0,0,1,1,0
149,kusabi_concept_03,2873,36,0,2003,5634,21,3,1,0,0,0,1,1
150,lancer_1600gsr_73,2874,36,14200,1973,6402,25,0,0,0,0,0,0,0
151,lancer_evo_gsr_92,2875,36,27380,1992,6402,25,0,0,0,0,0,0,0
153,eclipse_spyder_gts_03,2877,36,26780,2003,6402,25,0,16,0,0,0,0,0
154,hsr2_concept_89,2878,36,0,1989,6402,25,3,1,0,0,0,1,0
155,i_concept_03,2879,36,0,2003,6402,25,3,1,0,0,0,1,0
156,bluebird_1600dx_67,2880,36,25700,1969,6658,28,0,1,0,0,0,1,0
157,cube_ex_2wd_02,2881,36,14420,2002,6658,28,0,0,0,0,0,1,0
158,march_g_2wd_3dr_99,2882,36,13080,1999,6658,28,0,0,0,0,0,0,0
161,xanavi_nismo_gtr_03,2885,36,1350000,2003,6658,28,1,0,0,0,1,1,0
162,cusco_impreza_03,2886,36,500000,2003,8962,38,1,0,0,0,1,1,0
163,concept_s2_03,2887,36,0,2003,9218,39,3,17,0,0,0,0,0
167,celica_1600gt_70,2891,36,23900,1970,9986,43,0,1,0,0,0,0,0
169,woodone_supra_03,2893,36,1350000,2003,9986,43,1,0,0,0,1,1,0
170,a112_abarth_79,2894,36,39430,1979,13575,57,0,1,0,0,0,0,0
171,c5_v6_exclusive_03,2895,36,42830,2003,2310,9,0,0,0,0,0,0,0
172,panda_super_ie_90,2896,36,14600,1990,3079,12,0,0,0,0,0,0,0
173,_5_turbo_80,2897,36,74500,1980,8198,34,0,1,0,0,0,0,0
176,cerbera_speed6_97,2900,36,79880,1997,10244,44,0,0,0,0,0,0,0
178,lupo_gti_cup_03,2902,36,50000,2003,10757,46,1,0,0,0,1,1,0
179,_1100_standard_type11_49,2903,36,40000,1949,10757,46,0,1,0,0,0,1,0
180,impreza_wrx_sti1_94,2971,36,27780,1994,8962,38,0,0,0,0,0,0,0
181,au_supra_01,2974,36,1350000,2001,9986,43,1,0,0,0,1,1,0
182,pennzoil_gtr_01,2975,36,1350000,2001,6658,28,1,0,0,0,1,1,0
183,mrs_autobacs_00,2976,36,500000,2000,9986,43,1,0,0,0,1,1,0
184,razo_silvia_01,2977,36,500000,2001,6658,28,1,0,0,0,1,1,0
185,_350z_03,2978,36,33000,2003,6658,28,0,0,0,0,0,0,0
187,tuscan_speed6_00,2980,36,94050,2000,10244,44,0,16,0,0,0,0,0
189,r_gt_00,2982,36,143250,2000,8453,35,0,0,0,0,0,1,0
190,beetle_cup_00,2983,36,50000,2000,10757,46,1,0,0,0,1,1,0
191,lupo_cup_00,2984,36,50000,2000,10757,46,1,0,0,0,1,1,0
192,mm_r_tmv_01,2985,36,50000,2001,6658,28,1,1,0,0,1,1,0
193,trial_celica_ss2_03,2992,36,100000,2003,9986,90,2,0,0,0,0,1,1
194,murao_rx7_03,2993,36,200000,2003,5634,21,2,0,0,0,1,1,0
197,vitz_rs15_00,2999,36,14530,2000,9986,43,0,0,0,0,0,0,0
198,colt_15_sportx_02,3000,36,14950,2002,6402,25,0,0,0,0,0,0,0
199,demio_sport_03,3001,36,14500,2003,5634,21,0,0,0,0,0,0,0
200,fit_w_ff_01,3002,36,12600,2001,3842,15,0,0,0,0,0,0,0
203,integra_r_98,3005,36,23580,1998,3842,15,0,0,0,0,0,0,0
204,civic_r_98,3006,36,19980,1998,3842,15,0,0,0,0,0,0,0
205,rx7_spiritr_a_02,3007,36,39980,2002,5634,21,0,0,0,0,0,0,0
206,rx8_types_03,3008,36,27500,2003,5634,21,0,0,0,0,0,0,0
207,mr2_gts_97,3009,36,27130,1997,9986,43,0,0,0,0,0,0,0
209,sl55_amg_02,3011,36,168120,2002,5893,22,0,16,0,1,0,0,1
210,r34_gtr_v2_nur_02,3012,36,61000,2002,6658,28,0,0,0,0,0,0,0
211,lancer_evo5_gsr_98,3013,36,32480,1998,6402,25,0,0,0,0,0,0,0
212,ford_gt_concept_dmv_02,3014,36,0,2002,3331,13,3,1,0,0,0,0,1
213,spoon_civic_00,3015,36,75000,2000,3842,37,2,0,0,0,0,0,0
214,spoon_s2000_race_00,3016,36,200000,2000,3842,37,1,0,0,0,1,1,0
215,nismo_fairlady_z_ztune_03,3017,36,150000,2003,6658,27,2,0,0,0,0,1,0
216,mclaren_f1_gtr_long_97,3018,36,3500000,1997,1541,6,1,1,0,0,1,1,0
217,focus_wrc_99,3019,36,750000,1999,3331,13,1,0,0,0,1,1,0
219,mtr_gmv_04,3063,36,0,2004,9986,43,103,1,2,2,1,1,0
222,trd_celica_sportm_00,3127,36,25500,2000,9986,92,2,0,0,0,0,0,0
223,lancer_evo4_wrc_97,3128,36,750000,1997,6402,25,1,1,0,0,1,1,0
225,castrol_supra_00,3147,36,1350000,2000,9986,43,1,0,0,0,1,1,0
226,castrol_supra_01,3148,36,1350000,2001,9986,43,1,0,0,0,1,1,0
228,denso_supra_00,3151,36,1350000,2000,9986,43,1,0,0,0,1,1,0
230,rsc_tmv_lm_01,3149,36,1250000,2002,9986,43,1,0,0,0,0,1,0
232,vitz_euro_00,3154,36,12880,2000,9986,43,0,0,0,0,0,0,0
233,mines_evo6_00,3157,36,150000,2000,6402,24,2,0,0,0,0,0,0
234,mines_r34_00,3158,36,200000,2000,6658,24,2,0,0,0,0,1,0
278,_350z_roadster_03,4067,36,36000,2003,6658,28,0,16,0,1,0,0,0
279,_240zg_71,4060,36,55000,1971,6658,28,0,1,0,0,0,0,0
281,_120i_04,3185,36,31940,2004,1541,6,0,0,0,0,0,0,0
282,pescarolo_c60_lmp1_04,3186,36,4500000,2004,7686,77,1,0,0,0,1,1,0
283,opel_vectra_32v6_jp_03,3187,36,36530,2003,6917,29,0,0,0,0,0,0,0
284,kei_works_4wd_02,3188,36,14140,2002,9218,39,0,0,0,0,0,0,0
285,taurus_sho_98,3189,36,27510,1998,3331,13,0,0,0,0,0,0,0
289,civic_r_01,3194,36,22000,2001,3842,15,0,0,0,0,0,0,0
291,integra_r_lm_01,3196,36,450000,2002,3842,15,1,0,0,0,0,0,0
293,nsx_r_92,3198,36,97070,1992,3842,15,0,0,0,0,0,0,0
294,garaiya_02,3199,36,65000,2002,11010,47,0,0,0,0,0,0,0
295,dome_zero_78,3200,36,0,1978,11266,48,3,1,0,0,0,0,0
296,_787b_91,3201,36,3500000,1991,5634,21,1,2,0,0,1,1,0
300,fto_lm_race_00,3205,36,1500000,1997,6402,25,1,0,0,0,0,1,0
301,lancer_evo4_96,3206,36,29980,1996,6402,25,0,0,0,0,0,0,0
302,lancer_evo6_gsr_99,3207,36,32480,1999,6402,25,0,0,0,0,0,0,0
304,starion_4wd_gpb_84,3209,36,1250000,1984,6402,25,1,1,0,0,1,1,0
306,cube_x_98,3211,36,14180,1998,6658,28,0,0,0,0,0,0,0
307,s13_ks_91,3212,36,20390,1991,6658,28,0,0,0,0,0,0,0
308,r32_gtst_m_91,3213,36,26610,1991,6658,28,0,0,0,0,0,0,0
309,impreza_wg_wrx_99,3214,36,29190,1999,8962,38,0,0,0,0,0,0,0
311,cien_dmv_02,3216,36,0,2002,12803,54,3,1,0,0,0,0,0
312,camaro_ss_00,3217,36,22150,2000,1795,7,0,0,0,0,0,0,0
313,corvette_cr5_00,3218,36,1000000,2000,1795,7,1,0,0,0,1,1,0
314,viper_gtsr_00,3219,36,0,2000,2819,11,3,1,0,0,0,0,0
315,cobra_67,3220,36,530550,1967,8707,36,0,16,0,1,0,1,0
316,gt40_race_69,3221,36,3500000,1969,3331,13,1,1,0,0,1,1,0
317,mustang_svt_cobrar_00,3222,36,57300,2000,3331,13,0,0,0,0,0,0,0
319,rs6_02,3224,36,117060,2002,1285,5,0,0,0,0,0,0,0
320,tt_00,3225,36,47700,2000,1285,5,0,0,0,0,0,0,0
321,tt_dtm_02,3226,36,550000,2002,1285,5,1,0,0,0,1,1,0
322,_3400s_00,3227,36,77730,2000,8453,35,0,16,0,0,0,1,0
323,opel_astra_race_00,3228,36,550000,2000,6917,29,1,0,0,0,1,1,0
325,opel_corsa_comf_14_3dr_01,3230,36,17960,2001,6917,29,0,0,0,0,0,0,0
326,w12_tmv_01,3231,36,0,2001,10757,46,3,1,0,0,0,1,0
327,coupe_turboplus_00,3232,36,48110,2000,3079,12,0,0,0,0,0,0,0
328,zonda_c12s_gmv_02,3233,36,631680,2002,7175,30,0,0,0,0,0,1,0
329,zonda_race_00,3234,36,1500000,2001,7175,30,1,0,0,0,0,1,0
330,pescarolo_c60_03,3235,36,4500000,2003,7686,77,1,0,0,0,1,1,0
332,_206cc_20_01,3237,36,26520,2001,7686,32,0,16,0,1,0,0,0
334,clio_sport_v6_00,3239,36,50520,2000,8198,34,0,0,0,0,0,0,0
335,clio_sport_race_00,3240,36,450000,2000,8198,34,1,1,0,0,1,1,0
337,s_type_r_02,3242,36,92130,2002,4356,17,0,0,0,0,0,0,1
339,xkr_rperform_02,3244,36,118450,2002,4356,17,0,0,0,0,0,0,1
340,esprit_sport350_00,3245,36,126240,2000,5124,20,0,0,0,0,0,0,0
342,cerbera_speed12_00,3247,36,259970,2000,10244,44,0,2,0,0,0,0,0
343,falcon_xr8_race_00,3248,36,450000,2000,19976,91,1,0,0,0,1,1,0
345,trueno_gt_apex_shigeno_00,3250,36,52500,2000,9986,43,2,0,0,0,0,1,0
346,clix_concept_01,3251,36,0,2001,4105,16,3,1,0,0,0,0,0
348,clk_race_00,3253,36,550000,2000,5893,22,1,1,0,0,1,1,0
349,barchetta_gd_00,3254,36,24060,2000,3079,12,0,16,0,1,0,0,0
350,punto_hgt_abarth_00,3255,36,30030,2000,3079,12,0,0,0,0,0,0,0
351,r32_gtr_stune_00,3256,36,90000,2000,6658,27,2,0,0,0,0,0,0
352,z_act_70,3257,36,15800,1970,3842,15,0,1,0,0,0,1,0
353,mirage_cyborg_zr_97,3258,36,19080,1997,6402,25,0,0,0,0,0,0,0
354,be1_87,3259,36,12930,1987,6658,28,0,0,0,0,0,0,0
355,r30_skyline_ht2000_turbo_rs_83,3260,36,25180,1983,6658,28,0,0,0,0,0,0,0
357,sera_92,3262,36,18810,1992,9986,43,0,0,0,0,0,0,0
358,legacy_b4_20gt_03,3263,36,27300,2003,8962,38,0,0,0,0,0,0,0
359,legacy_wgn_20gt_03,3264,36,28800,2003,8962,38,0,0,0,0,0,0,0
360,saleen_s7_02,3265,36,419130,2002,14083,60,0,0,0,0,0,1,0
361,m3_gtr_alms_01,3266,36,1000000,2001,1541,6,1,1,0,0,1,1,0
362,_190e_evo2_dtm_92,3267,36,1750000,1992,5893,22,1,1,0,0,1,1,0
363,t350c_03,3268,36,74830,2003,10244,44,0,0,0,0,0,0,0
364,golf_r32_3d_03,3269,36,43240,2003,10757,46,0,0,0,0,0,0,0
365,_155_v6ti_dtm_93,3270,36,1250000,1993,775,3,1,1,0,0,1,1,0
366,carol_360_deluxe_62,3271,36,38500,1962,5634,21,0,1,0,0,0,1,0
367,opel_calibra_race_94,3272,36,1750000,1994,6917,29,1,1,0,0,1,1,0
370,nsx_r_01,3275,36,0,2001,3842,15,3,1,0,0,0,0,0
371,prelude_si_vtec_91,3276,36,22050,1991,3842,15,0,0,0,0,0,0,0
372,amuse_s2000_04,3277,36,50000,2004,3842,59,2,0,0,0,0,1,0
376,r89c_89,3281,36,3500000,1989,6658,28,1,1,0,0,1,1,0
377,r30_skyline_ht2000_rsx_tc_84,3282,36,27750,1984,6658,28,0,0,0,0,0,0,0
379,impreza_coupe_wrx_sti6_99,3284,36,30090,1999,8962,38,0,0,0,0,0,0,0
380,corvette_convertible_54,3285,36,100000,1954,1795,7,0,17,0,1,0,1,0
381,srt4_03,3286,36,20640,2003,2819,11,0,0,0,0,0,0,0
382,a2_14_02,3287,36,22400,2002,1285,5,0,0,0,0,0,1,0
383,a3_32_quattro_03,3288,36,42490,2003,1285,5,0,0,0,0,0,0,0
385,_320i_etcc_03,3290,36,450000,2003,1541,6,1,0,0,0,1,1,0
386,v12_lmr_99,3291,36,4500000,1999,1541,6,1,0,0,0,1,1,0
387,_300sl_coupe_54,3292,36,237690,1954,5893,22,0,1,0,0,0,1,0
388,clk_gtr_race_98,3293,36,3500000,1998,5893,22,1,1,0,0,1,1,0
390,opel_tigra_16i_99,3295,36,29140,1999,6917,29,0,0,0,0,0,0,0
392,gtv_30v6_v24_01,3297,36,49060,2001,775,3,0,0,0,0,0,0,0
393,stratos_wrc_77,3298,36,1250000,1977,4615,18,1,1,0,0,1,1,0
394,esprit_turbo_hc_87,3299,36,48550,1987,5124,20,0,1,0,0,0,0,0
395,_120d_04,3300,36,33020,2004,1541,6,0,0,0,0,0,0,0
396,nsx_r_02,3301,36,119570,2002,3842,15,0,0,0,0,0,0,0
397,celica_st185_wrc_95,3302,36,750000,1995,9986,43,1,1,0,0,1,1,0
399,ford_gt_05,3304,36,149880,2005,3331,13,0,0,0,0,0,0,1
400,s3_02,3305,36,41070,2002,1285,5,0,0,0,0,0,0,0
401,falken_gtr_nur_04,3306,36,550000,2004,6658,28,1,0,0,0,1,1,0
406,nike_one_04,3420,36,0,2022,19715,88,103,1,3,2,1,1,0
412,_206_s16_99,3426,36,23070,1999,7686,32,0,0,0,0,0,0,0
413,_350z_lm_us_02,3427,36,1500000,2002,6658,28,1,0,0,0,0,1,0
414,accord_euro_r_02,3428,36,25300,2002,3842,15,0,0,0,0,0,0,0
415,accord_euror_00,3429,36,25330,2000,3842,15,0,0,0,0,0,0,0
417,acura_nsx_32l_97,3431,36,89130,1997,514,2,0,0,0,0,0,0,0
424,airtrek_turbo_02,3438,36,22950,2002,6402,25,0,0,0,0,0,0,0
425,alfa_spider_30v6_01,3439,36,51190,2001,775,3,0,16,0,1,0,0,0
428,altezza_lm_race_00,3442,36,450000,2001,9986,43,1,0,0,0,0,1,0
430,beetle_20_00,3444,36,25980,2000,10757,46,0,0,0,0,0,0,0
431,beetle_rsi_00,3445,36,94050,2000,10757,46,0,0,0,0,0,1,0
432,c8_laviolette_02,3446,36,254660,2002,12555,53,0,0,0,0,0,0,0
433,calsonic_gtr_00,3447,36,1350000,2000,6658,28,1,0,0,0,1,1,0
434,camaro_race_00,3448,36,1000000,2001,1795,7,1,0,0,0,0,1,0
435,cappuccino_95,3449,36,14580,1995,9218,39,0,16,0,0,0,0,0
436,celica_ss2_99,3450,36,21810,1999,9986,43,0,0,0,0,0,0,0
438,cl600_00,3452,36,177850,2000,5893,22,0,0,0,0,0,0,0
439,clk55_00,3453,36,147770,2000,5893,22,0,0,0,0,0,0,0
440,corvette_z06_00,3454,36,53570,2000,1795,7,0,0,0,0,0,0,0
441,cz3_tar_tmv_01,3455,36,0,2001,6402,25,3,1,0,0,0,1,0
442,cz3_tar_wrc_01,3456,36,750000,2002,6402,25,1,0,0,0,0,1,0
443,db7_vantage_coupe_00,3457,36,194260,2000,1028,4,0,0,0,0,0,0,0
444,demio_glx_99,3458,36,14660,1999,5634,21,0,0,0,0,0,0,0
445,elise_type72_01,3459,36,52470,2001,5124,20,0,16,0,0,0,0,0
446,esprit_v8_se_98,3460,36,116870,1998,5124,20,0,0,0,0,0,0,0
447,evo6_wrc_99,3461,36,750000,1999,6402,25,1,0,0,0,1,1,0
448,gsx_r_4_tmv_01,3462,36,0,2001,9218,39,3,17,0,0,0,0,0
451,impreza_22b_98,3465,36,50000,1998,8962,38,0,0,0,0,0,0,0
452,impreza_lm_race_00,3466,36,450000,2001,8962,38,1,0,0,0,0,1,0
454,impreza_wrc_01,3468,36,750000,2001,8962,38,1,1,0,0,1,1,0
455,impreza_wrc_prot_01,3469,36,750000,2001,8962,38,1,1,0,0,1,1,0
456,impreza_wrx_sti_00,3470,36,31980,2000,8962,38,0,0,0,0,0,0,0
457,infiniti_fx45_dmv_02,3471,36,0,2002,11523,49,3,1,0,0,0,1,0
458,infiniti_g35_03,3472,36,30720,2003,11523,49,0,0,0,0,0,0,0
459,lancer_evo6_rs_99,3473,36,25980,1999,6402,25,0,0,0,0,0,0,0
460,lancer_evo6_tommi_gsr_00,3474,36,32780,2000,6402,25,0,0,0,0,0,0,0
461,lancer_evo7_gta_02,3475,36,33000,2002,6402,25,0,0,0,0,0,0,0
462,lancer_evo7_rs_01,3476,36,25180,2001,6402,25,0,0,0,0,0,0,0
464,lexus_is_us_98,3478,36,20700,1998,11779,50,0,0,0,0,0,0,0
466,lexus_is300_sc_us_01,3480,36,27600,2001,11779,50,0,0,0,0,0,0,0
469,lexus_sc430_us_01,3483,36,60000,2001,11779,50,0,16,0,1,0,0,0
470,loctite_gtr_00,3484,36,1350000,2000,6658,28,1,0,0,0,1,1,0
471,lupo_gti_01,3485,36,24160,2001,10757,46,0,0,0,0,0,0,0
472,mazda6_tmv_01,3486,36,0,2001,5634,21,3,1,0,0,0,0,0
473,mazda6_tmv_n1_01,3487,36,450000,2002,5634,21,1,0,0,0,0,0,0
475,mini_cooper_02,3489,36,22190,2002,12036,51,0,0,0,0,0,0,0
476,mini_one_02,3490,36,19620,2002,12036,51,0,0,0,0,0,0,0
480,mugen_s2000_00,3494,36,75000,2000,3842,26,2,0,0,0,0,1,0
481,nismo_gtr_lm_95,3495,36,500000,1995,6658,27,2,1,0,0,0,1,0
482,nismo270r_94,3496,36,45000,1994,6658,27,2,1,0,0,0,0,0
483,nsx_r_proto_lm_road_01,3497,36,489000,2002,3842,15,0,0,0,0,0,1,0
484,opel_speedster_00,3498,36,44690,2000,6917,29,0,16,0,0,0,0,0
485,penzoil_gtr_99,3499,36,1350000,1999,6658,28,1,0,0,0,1,1,0
488,pt_cruiser_00,3502,36,16390,2000,2051,8,0,0,0,0,0,0,0
489,r33_gtr_v_97,3503,36,53900,1997,6658,28,0,0,0,0,0,0,0
490,r34_gtr_m_01,3504,36,59500,2001,6658,28,0,0,0,0,0,0,0
491,r34_gtr_rtune_99,3505,36,125000,1999,6658,27,2,0,0,0,0,1,0
492,r34_gtr_v_99,3506,36,55980,1999,6658,28,0,0,0,0,0,0,0
493,r34_gtr_v_gtcolor_pc_01,3507,36,150000,2001,6658,28,2,0,0,0,0,1,0
494,r34_gtr_v2_00,3508,36,57480,2000,6658,28,0,0,0,0,0,0,0
495,gtr_concept_tmv_01,3509,36,0,2001,6658,28,3,1,0,0,1,1,0
496,r390_road_98,3510,36,1000000,1998,6658,28,0,0,0,0,0,0,0
503,rs4_01,3517,36,41380,2001,1285,5,0,0,0,0,0,0,0
504,rs6_avant_02,3518,36,117060,2002,1285,5,0,0,0,0,0,0,0
505,rsc_tmv_01,3519,36,0,2001,9986,43,3,1,0,0,0,1,0
507,rx7_lm_race_00,3521,36,550000,2001,5634,21,1,0,0,0,0,1,0
508,rx7_r_br_01,3522,36,33980,2001,5634,21,0,0,0,0,0,0,0
509,rx7_rs_98,3523,36,37780,1998,5634,21,0,0,0,0,0,0,0
510,rx7_rz_00,3524,36,39980,2000,5634,21,0,0,0,0,0,0,0
511,rx8_concept_01,3525,36,0,2001,5634,21,3,0,0,0,0,0,0
512,s15_specr_aero_99,3526,36,20700,1999,6658,28,0,0,0,0,0,0,0
515,s2000_a_99,3529,36,33800,1999,3842,15,0,16,0,1,0,0,0
518,s2000_lm_race_00,3532,36,450000,2001,3842,15,1,0,0,0,0,1,0
523,s2000_typev_us_01,3537,36,36100,2001,3842,15,0,16,0,1,0,0,0
524,s2000_us_01,3538,36,34300,2001,3842,15,0,16,0,1,0,0,0
526,silvia_varietta_00,3540,36,27980,2000,6658,28,0,16,0,0,0,0,0
527,skyline_300gt_01,3541,36,32500,2001,6658,28,0,0,0,0,0,0,0
530,solstice_dmv_02,3544,36,0,2002,12291,52,3,1,0,0,0,0,1
531,spoon_s2000_00,3545,36,85000,2000,3842,37,2,0,0,0,0,1,0
532,storm_v12_race_99,3546,36,1000000,1999,4868,19,1,1,0,0,1,1,0
533,stratos_73,3547,36,133970,1973,4615,18,0,0,0,0,0,0,0
534,supra_szr_97,3548,36,34000,1997,9986,43,0,0,0,0,0,0,0
535,toms_chaser_00,3549,36,50000,2000,9986,42,2,0,0,0,0,0,0
542,xanavi_gtr_01,3556,36,1350000,2001,6658,28,1,0,0,0,1,1,0
543,xj220_gt_road_92,3557,36,749140,1992,4356,17,0,0,0,0,0,0,0
544,xkr_coupe_99,3558,36,128000,1999,4356,17,0,0,0,0,0,0,1
545,xsara_wrc_99,3559,36,750000,1999,2310,9,1,0,0,0,1,1,0
548,zonda_c12_00,3562,36,388720,2000,7175,30,0,0,0,0,0,1,0
549,zonda_c12s_00,3563,36,450040,2000,7175,30,0,0,0,0,0,1,0
550,zz2_00,3564,36,500000,2000,9730,41,3,0,0,0,0,0,0
551,zzs_00,3565,36,59500,2000,9730,41,0,16,0,0,0,0,0
552,accent_wrc_01,3566,36,750000,2001,4105,16,1,0,0,0,1,1,0
554,hcd6_concept_01,3568,36,0,2001,4105,16,3,1,0,0,0,0,0
555,tiburon_gt_v6_01,3569,36,33020,2001,4105,16,0,0,0,0,0,0,0
557,_300zx_2by2_us_98,3571,36,43980,1998,6658,28,0,0,0,0,0,0,0
560,sl500_02,3663,36,127620,2002,5893,22,0,16,0,1,0,0,0
561,tank_car_03,3574,36,1000000,2003,14595,62,100,5,0,2,1,1,0
563,m3_gtr_str_03,3576,36,341020,2003,1541,6,0,1,0,0,0,0,0
564,buick_gnx_87,3577,36,31080,1987,14851,63,0,0,0,0,0,0,0
565,c12_03,3578,36,175880,2003,15107,64,0,0,0,0,0,0,0
566,silverado_sst_02,3579,36,0,2002,1795,7,3,1,0,0,0,1,0
567,camaro_ss_69,3580,36,60000,1969,1795,7,0,0,0,0,0,1,0
568,xsara_vtr_03,3581,36,21850,2003,2310,9,0,0,0,0,0,0,0
570,viper_srt10_03,3583,36,84880,2003,2819,11,0,16,0,0,0,0,0
571,eagle_talon_esi_97,3584,36,15740,1997,15619,66,0,0,0,0,0,0,0
572,carlton_90,3585,36,81490,1990,5124,20,0,0,0,0,0,0,0
573,elan_s1_62,3586,36,57710,1962,5124,20,0,17,0,1,0,1,0
574,e55_amg_02,3587,36,105330,2002,5893,22,0,0,0,0,0,0,1
575,_190e_evo2_91,3588,36,67910,1991,5893,22,0,0,0,0,0,1,0
576,cougar_xr7_67,3589,36,47280,1967,15875,67,0,1,0,0,0,1,0
577,tf160_03,3590,36,38860,2003,6148,23,0,16,0,1,0,0,0
578,_205_t16_rally_85,3591,36,1250000,1985,7686,32,1,1,0,0,1,1,0
579,_205_t16_85,3592,36,78400,1985,7686,32,0,1,0,0,0,0,0
580,pontiac_gto_57_coupe_04,3593,36,34490,2004,12291,52,0,0,0,0,0,0,0
581,btr_86,3594,36,112480,1986,8453,35,0,0,0,0,0,0,0
582,spitfire_1500_74,3595,36,17200,1974,16132,68,0,2,0,0,0,0,0
583,tamora_02,3596,36,70940,2002,10244,44,0,16,0,1,0,0,0
585,voltz_s_2wd_02,3598,36,17880,2002,9986,43,0,0,0,0,0,0,0
586,runx_z_aero_tourer_02,3599,36,20080,2002,9986,43,0,0,0,0,0,0,0
587,wedssport_celica_03,3600,36,500000,2003,9986,43,1,0,0,0,1,1,0
589,pajero_evo_sp_03,3602,36,1250000,2003,6402,25,1,1,0,0,0,1,0
590,_166_25v6_24v_s_98,3603,36,58710,1998,775,3,0,0,0,0,0,0,0
591,c3_16_02,3604,36,18130,2002,2310,9,0,0,0,0,0,0,0
592,copen_detachabletop_02,3605,36,14980,2002,2562,10,0,16,0,0,0,0,0
593,civic_1500_25i_3d_83,3606,36,11890,1983,3842,15,0,0,0,0,0,0,0
594,life_step_van_72,3607,36,8800,1972,3842,15,0,1,0,0,0,0,0
595,element_03,3608,36,25900,2003,3842,15,0,0,0,0,0,0,0
596,beat_f_92,3609,36,13880,1992,3842,15,0,16,0,1,0,0,0
597,beat_z_93,3610,36,14500,1993,3842,15,0,16,0,1,0,0,0
598,e_type_coupe_61,3611,36,50930,1961,4356,17,0,1,0,0,0,1,0
599,rx8_typee_03,3612,36,27500,2003,5634,21,0,0,0,0,0,0,0
601,ctr_87,3614,36,236630,1987,8453,35,0,1,0,0,0,1,0
602,lapin_turbo_4wd_02,3615,36,12400,2002,9218,39,0,0,0,0,0,0,0
603,caldina_gt_four_02,3616,36,27100,2002,9986,43,0,0,0,0,0,0,0
604,_2000_gt_67,3617,36,160000,1967,9986,43,0,0,0,0,0,0,0
605,lupo_14_02,3618,36,15490,2002,10757,46,0,0,0,0,0,0,0
606,s60_t5_sport_03,3619,36,35580,2003,16396,69,0,0,0,0,0,0,0
608,_240sx_180_us_96,3621,36,24980,1996,6658,28,0,0,0,0,0,0,0
609,_206_wrc_exxon_99,3622,36,750000,1999,7686,32,1,0,0,0,1,1,0
619,protege_sport20_02,3632,36,18980,2002,5634,21,0,0,0,0,0,0,0
620,acura_hsc_04,3633,36,0,2004,514,2,3,1,0,0,0,0,0
623,mazda_323f_r_93,3636,36,19920,1993,5634,21,0,0,0,0,0,0,0
630,miata_us_89,3643,36,17000,1989,5634,21,0,16,0,1,0,0,0
631,miata_j_lim_91,3644,36,19000,1991,5634,21,0,16,0,1,0,0,0
635,miata_j_lim2_93,3648,36,20300,1993,5634,21,0,16,0,1,0,0,0
639,miata_sr_lim_97,3652,36,18980,1997,5634,21,0,16,0,1,0,0,0
641,miata_18rs_98,3654,36,22950,1998,5634,21,0,16,0,1,0,0,0
642,miata_rs_00,3655,36,23280,2000,5634,21,0,16,0,1,0,0,0
644,_240sx_silvia_us_96,3657,36,25950,1996,6658,28,0,0,0,0,0,0,0
645,s2000_typev_us_00,3658,36,35600,2000,3842,15,0,16,0,1,0,0,0
650,_110s_68,3665,36,68800,1968,5634,21,0,1,0,0,0,0,0
651,giulia_sprint_s_63,3666,36,62040,1963,775,3,0,1,0,0,0,1,0
652,quattro_82,3667,36,90360,1982,1285,5,0,0,0,0,0,0,0
653,m3_04,3668,36,74560,2004,1541,6,0,0,0,0,0,0,0
654,m_coupe_98,3669,36,78900,1998,1541,6,0,0,0,0,0,0,0
655,z4_30i_03,3670,36,75610,2003,1541,6,0,16,0,1,0,0,0
657,charger_440_rt_70,3672,36,75500,1970,2819,11,0,0,0,0,0,0,0
658,mustang_gt_05,3673,36,25950,2005,3331,13,0,0,0,0,0,0,0
660,gathers_civic_98,3675,36,450000,1998,3842,15,1,0,0,0,1,1,0
661,s800_rsc_68,3676,36,250000,1968,3842,15,1,1,0,0,1,1,0
662,interceptor_mk3_74,3677,36,84700,1974,16900,71,0,1,0,0,0,1,0
663,mini_marcos_gt_70,3678,36,25500,1970,17156,72,0,1,0,0,0,1,0
664,mgf_vvc_97,3679,36,40810,1997,6148,23,0,18,0,1,0,0,0
665,roadrunner_superbird_70,3680,36,42440,1970,13059,55,0,1,0,0,0,1,0
666,megane_20_16v_02,3681,36,26390,2003,8198,34,0,0,0,0,0,0,0
669,acura_cl_types_03,3684,36,32420,2003,514,2,0,0,0,0,0,0,0
670,acura_rsx_s_04,3685,36,24740,2004,514,2,0,0,0,0,0,0,0
671,spider_duetto_66,3686,36,35300,1966,775,3,0,16,0,1,0,1,0
672,a310_1600ve_73,3687,36,33000,1973,6,86,0,1,0,0,0,0,0
674,_330i_05,3689,36,48040,2005,1541,6,0,0,0,0,0,0,0
676,camaro_irocz_88,3691,36,0,1988,1795,7,3,1,0,0,0,1,0
677,cizeta_v16t_94,3692,36,636660,1994,17671,75,0,1,0,0,0,1,0
678,move_custom_rs_lim_4wd_02,3693,36,15720,2002,2562,10,0,0,0,0,0,0,0
679,charger_superbee_426_hemi_71,3694,36,80000,1971,2819,11,0,1,0,0,0,0,0
680,rs200_84,3695,36,74220,1984,3331,13,0,0,0,0,0,0,0
681,rs200_rally_85,3696,36,1250000,1985,3331,13,1,1,0,0,1,1,0
682,civic_1500_cx_3d_79,3697,36,9570,1979,3842,15,0,0,0,0,0,0,0
683,mugen_motul_civic_87,3698,36,450000,1987,3842,15,1,1,0,0,1,1,0
684,civic_sir2_91,3699,36,16200,1991,3842,15,0,0,0,0,0,0,0
685,civic_sir2_92,3700,36,16200,1992,3842,15,0,0,0,0,0,0,0
686,civic_sir2_95,3701,36,16980,1995,3842,15,0,0,0,0,0,0,0
687,delsol_sir_92,3702,36,17100,1992,3842,15,0,16,0,0,0,0,0
688,integra_r_95,3703,36,22280,1995,3842,15,0,0,0,0,0,0,0
689,integra_r_99,3704,36,25160,1999,3842,15,0,0,0,0,0,0,0
690,s2000_typev_03,3705,36,37000,2003,3842,15,0,16,0,1,0,0,0
691,s500_63,3706,36,62500,1963,3842,15,0,17,0,1,0,1,0
692,s600_64,3707,36,60000,1964,3842,15,0,17,0,1,0,1,0
693,bellett_1600_gtr_69,3708,36,42000,1969,13314,56,0,1,0,0,0,1,0
694,az1_92,3709,36,14980,1992,5634,21,0,0,0,0,0,0,0
696,rx8_03,3711,36,24000,2003,5634,21,0,0,0,0,0,0,0
698,galant_vr4_89,3713,36,27810,1989,6402,25,0,0,0,0,0,0,0
699,galant_gto_mr_70,3714,36,21800,1970,6402,25,0,0,0,0,0,0,0
700,lancer_ex_1800gsr_ic_turbo_83,3715,36,26790,1983,6402,25,0,0,0,0,0,0,0
701,lancer_evo6_tommi_rs_00,3716,36,25980,2000,6402,25,0,0,0,0,0,0,0
702,lancer_evo8_rs_03,3717,36,31600,2003,6402,25,0,0,0,0,0,0,0
703,minica_dungun_zz_89,3718,36,10180,1989,6402,25,0,0,0,0,0,0,0
704,mirage_1400glx_78,3719,36,9220,1978,6402,25,0,0,0,0,0,0,0
705,pajero_parisdakar_rally_85,3720,36,1250000,1985,6402,25,1,1,0,0,1,1,0
706,fairlady_2000_68,3721,36,55000,1968,6658,28,0,17,0,1,0,1,0
707,fairlady_z_280zl_2s_78,3722,36,38000,1978,6658,28,0,0,0,0,0,0,0
708,fairlady_z_300zx_83,3723,36,32000,1983,6658,28,0,0,0,0,0,0,0
710,motul_pitwork_z_04,3725,36,1350000,2004,6658,28,1,0,0,0,1,1,0
711,pao_89,3726,36,15400,1989,6658,28,0,0,0,0,0,0,0
712,silvia_65,3727,36,45000,1965,6658,28,0,1,0,0,0,1,0
713,silvia_240rs_83,3728,36,72200,1983,6658,28,0,1,0,0,0,0,0
714,skyline_1500dx_63,3729,36,36800,1963,6658,28,0,1,0,0,0,1,0
715,skyline_350gt8_02,3730,36,36600,2002,6658,28,0,0,0,0,0,0,0
716,r34_skyline_gtr_99,3731,36,49980,1999,6658,28,0,0,0,0,0,0,0
717,r34_skyline_gtr_00,3732,36,50480,2000,6658,28,0,0,0,0,0,0,0
719,r34_skyline_gtr_sc_mp2_99,3734,36,49980,1999,6658,28,0,0,0,0,0,0,0
720,r34_skyline_gtr_sc_mp3_00,3735,36,51480,2000,6658,28,0,0,0,0,0,0,0
721,r33_skyline_gtr_v_95,3736,36,52900,1995,6658,28,0,0,0,0,0,0,0
722,r33_skyline_gtr_v_96,3737,36,53300,1996,6658,28,0,0,0,0,0,0,0
723,r34_skyline_v2_n1_00,3738,36,60980,2000,6658,28,0,0,0,0,0,0,0
724,r34_skyline_gtr_v_n1_99,3739,36,59980,1999,6658,28,0,0,0,0,0,0,0
725,skyline_sport_coupe_60,3740,36,320000,1962,6658,28,0,0,0,0,0,1,0
726,stagea_25t_rs_fours_98,3741,36,32600,1998,6658,28,0,0,0,0,0,0,0
727,stagea_260rs_autech_98,3742,36,45000,1998,6658,28,0,0,0,0,0,0,0
729,avantime_30_v6_bvm6_02,3744,36,52570,2002,8198,34,0,2,0,0,0,0,0
731,gt350_r_65,3746,36,106110,1965,8707,36,0,1,0,0,0,1,0
732,series1_sc_03,3747,36,184630,2003,8707,36,0,16,0,0,0,0,0
733,impreza_wrx_sti2_95,3748,36,27480,1995,8962,38,0,0,0,0,0,0,0
734,impreza_wrx_sti3_96,3749,36,28850,1996,8962,38,0,0,0,0,0,0,0
735,impreza_wrx_sti4_97,3750,36,28990,1997,8962,38,0,0,0,0,0,0,0
736,impreza_wrx_sti5_98,3751,36,29190,1998,8962,38,0,0,0,0,0,0,0
737,wagon_r_rr_98,3752,36,12820,1998,9218,39,0,0,0,0,0,0,0
738,minolta_toyota_88cv_89,3753,36,3500000,1989,9986,43,1,1,0,0,1,1,0
739,starlet_granza_v_97,3754,36,14300,1997,9986,43,0,0,0,0,0,0,0
740,toyota7_70,3755,36,1150000,1970,9986,43,1,1,0,0,1,1,0
741,vitz_f_99,3756,36,9800,1999,9986,43,0,0,0,0,0,0,0
742,_240_glt_estate_88,3757,36,15920,1988,16396,69,0,0,0,0,0,0,0
744,gt_one_race_exxon_99,3759,36,4500000,1999,9986,43,1,2,0,0,1,1,0
749,acura_dnx_02,3764,36,0,2002,514,2,3,1,0,0,0,0,0
750,acura_integra_typer_01,3765,36,25940,2001,514,2,0,0,0,0,0,0,0
752,prowler_02,3767,36,47430,2002,2051,8,0,0,0,2,1,0,0
754,xantia_30i_v6_exclusive_00,3769,36,30370,2000,2310,9,0,0,0,0,0,0,0
755,move_cx_2wd_95,3770,36,10690,1995,2562,10,0,0,0,0,0,0,0
756,viper_gts_99,3771,36,78000,1999,2819,11,0,0,0,0,0,0,0
757,escort_wrc_98,3772,36,750000,1998,3331,13,1,0,0,0,1,1,0
758,crx_sir_90,3773,36,15470,1990,3842,15,0,0,0,0,0,0,0
760,xj220_gt_race_92,3775,36,1500000,2001,4356,17,1,0,0,0,0,1,0
761,delta_hf_integrale_wrc_92,3776,36,750000,1992,4615,18,1,1,0,0,1,1,0
762,elise_190_98,3777,36,65270,1998,5124,20,0,16,0,0,0,0,0
763,europa_special_71,3778,36,38470,1971,5124,20,0,1,0,0,0,0,0
764,motersport_elise_99,3779,36,97180,1999,5124,20,0,0,0,0,0,0,0
765,legnum_vr4_v_98,3780,36,28500,1998,6402,25,0,0,0,0,0,0,0
766,nismo400r_96,3781,36,120000,1996,6658,27,2,1,0,0,0,0,0
767,bluebird_ht_1800sss_79,3782,36,12680,1979,6658,28,0,0,0,0,0,0,0
768,bluebird_1600sss_rally_69,3783,36,150000,1969,6658,28,1,1,0,0,1,1,0
769,exa_canopy_las_88,3784,36,14810,1988,6658,28,0,0,0,0,0,1,0
770,r34_gtr_v_gtcolor_01,3785,36,150000,2001,6658,28,2,0,0,0,0,1,0
772,micra_12c_5d_03,3787,36,10950,2003,6658,28,0,0,0,0,0,0,0
773,r32_gtr_v2_94,3788,36,52900,1994,6658,28,0,0,0,0,0,0,0
774,_106_s16_03,3789,36,18810,2003,7686,32,0,0,0,0,0,0,0
775,_406_coupe_30_98,3790,36,45000,1998,7686,32,0,0,0,0,0,0,0
777,ctr2_96,3792,36,297110,1996,8453,35,0,0,0,0,0,1,0
778,impreza_wg_sti_00,3793,36,29980,2000,8962,38,0,0,0,0,0,0,0
779,cappuccino_91,3794,36,14580,1991,9218,39,0,16,0,0,0,0,0
780,celica_gt_four_98,3795,36,33020,1998,9986,43,0,0,0,0,0,0,0
781,celica_wrc_95,3796,36,750000,1995,9986,43,1,1,0,0,1,1,0
782,corolla_wrc_98,3797,36,750000,1998,9986,43,1,0,0,0,1,1,0
783,mr2_glimited_97,3798,36,23600,1997,9986,43,0,0,0,0,0,0,0
784,supra_25gt_ttr_90,3799,36,32740,1990,9986,43,0,0,0,0,0,0,0
785,griffith_500_94,3800,36,58730,1994,10244,44,0,16,0,1,0,0,0
786,karmann_ghia_type1_1500_68,3801,36,21200,1968,10757,46,0,1,0,0,0,1,0
788,polo_gti_5d_01,3803,36,26720,2001,10757,46,0,0,0,0,0,0,0
791,miata_vr_lim_95,3806,36,20800,1995,5634,21,0,16,0,1,0,0,0
792,miata_vspl2_93,3807,36,24000,1993,5634,21,0,16,0,1,0,0,0
795,a160_98,3810,36,33020,1998,5893,22,0,0,0,0,0,0,0
796,slk230_komp_98,3811,36,42130,1998,5893,22,0,16,0,1,0,0,1
797,impreza_wrx_sti6_99,3812,36,29190,1999,8962,38,0,0,0,0,0,0,0
798,vanquish_04,3813,36,238750,2004,1028,4,0,0,0,0,0,0,0
799,lancer_evo8_mr_gsr_04,3814,36,33980,2004,6402,25,0,0,0,0,0,0,0
800,ginetta_g4_64,3815,36,48000,1964,13828,58,0,1,0,0,0,1,0
801,s2000_us_04,3816,36,35000,2004,3842,15,0,16,0,1,0,0,0
802,megane_20_ide_00,3817,36,26600,2000,8198,34,0,0,0,0,0,0,0
804,corvette_z06_race_63,3819,36,500000,1963,1795,7,1,0,0,0,0,1,0
805,_156_25v6_98,3820,36,40230,1998,775,3,0,0,0,0,0,0,0
806,v8_vantage_99,3821,36,448000,1999,1028,4,0,0,0,0,0,0,1
807,s4_98,3822,36,71220,1998,1285,5,0,0,0,0,0,0,0
808,escudo_pikespeak_98,3823,36,1250000,1998,9218,39,1,1,0,0,1,1,0
809,carina_ed_20x_4ws_89,3824,36,17350,1989,9986,43,0,0,0,0,0,0,0
810,trueno_gt_apex_83,3825,36,15360,1983,9986,43,0,0,0,0,0,0,0
811,celica_gtr_4ws_91,3826,36,22100,1991,9986,43,0,0,0,0,0,0,0
812,m3_csl_03,3827,36,113610,2003,1541,6,0,0,0,0,0,0,0
813,_307_xsi_04,3828,36,27940,2004,7686,32,0,0,0,0,0,0,0
814,v8s_91,3829,36,59400,1991,10244,44,0,16,0,0,0,0,0
815,sl500_98,3830,36,168090,1998,5893,22,0,16,0,0,0,0,0
817,buick_special_62,3832,36,58000,1962,14851,63,2,0,0,0,0,1,0
818,corvette_coupe_63,3833,36,84890,1963,1795,7,0,0,0,0,1,1,0
819,move_srxx_4wd_97,3834,36,12590,1997,2562,10,0,0,0,0,0,0,0
820,hks_d1_silvia_04,3835,36,200000,2004,6658,76,2,0,0,0,1,1,0
821,civic_r_97,3836,36,19980,1997,3842,15,0,0,0,0,0,0,0
822,civic_r_04,3837,36,23310,2004,3842,15,0,0,0,0,0,0,0
823,nsx_90,3838,36,80030,1990,3842,15,0,0,0,0,0,0,0
824,nsx_01,3839,36,92070,2001,3842,15,0,0,0,0,0,0,0
825,nsx_s_97,3840,36,103570,1997,3842,15,0,0,0,0,0,0,0
826,nsx_s_01,3841,36,103570,2001,3842,15,0,0,0,0,0,0,0
827,nsx_s_zero_99,3842,36,98570,1999,3842,15,0,0,0,0,0,0,0
828,prelude_s_98,3843,36,24930,1998,3842,15,0,0,0,0,0,0,0
829,delta_hf_integrale_evo_91,3844,36,67700,1991,4615,18,0,1,0,0,0,0,0
830,elise_111r_04,3845,36,54410,2004,5124,20,0,16,0,0,0,0,0
831,esprit_v8_gt_98,3846,36,97430,1998,5124,20,0,0,0,0,0,0,0
833,sl600_04,3848,36,177700,2004,5893,22,0,16,0,1,0,0,0
834,sl65_amg_04,3849,36,190700,2004,5893,22,0,16,0,1,0,0,0
835,s14_silvia_ks_aero_93,3850,36,25340,1993,6658,28,0,0,0,0,0,0,0
836,kpgc110_skyline_gtr_73,3851,36,85000,1973,6658,28,0,1,0,0,0,0,0
837,kpgc10_skyline_gtr_70,3852,36,80000,1970,6658,28,0,1,0,0,0,0,0
838,_106_rally_03,3853,36,12630,2003,7686,32,0,0,0,0,0,0,0
839,spoon_integra_r_99,3854,36,75000,1999,3842,37,2,0,0,0,0,0,0
840,mr_wagon_sport_04,3855,36,12800,2004,9218,39,0,0,0,0,0,0,0
841,celica_2000gt_four_86,3856,36,29760,1986,9986,43,0,0,0,0,0,0,0
842,mr2_1600_g_86,3857,36,16910,1986,9986,43,0,0,0,0,0,0,0
843,supra_30gt_turbo_a_88,3858,36,40510,1988,9986,43,0,0,0,0,0,0,0
844,integra_r_03,3859,36,25900,2003,3842,15,0,0,0,0,0,0,0
851,_110s_67,3866,36,74000,1967,5634,21,0,0,0,0,0,0,0
853,vertigo_race_04,3868,36,1000000,2004,3594,14,1,0,0,0,1,1,0
854,s4_03,3869,36,55430,2003,1285,5,0,0,0,0,0,0,0
855,infiniti_g35_coupe_03,3870,36,33900,2003,11523,49,0,0,0,0,0,0,0
856,bora_v6_4m_01,3871,36,38910,2001,10757,46,0,0,0,0,0,0,0
858,mazda6_sport_23z_03,3873,36,23500,2003,5634,21,0,0,0,0,0,0,0
859,r34_skyline_gtr_m_nur_02,3874,36,63000,2002,6658,28,0,0,0,0,0,0,0
860,acura_cl_types_01,3875,36,32180,2001,514,2,0,0,0,0,0,0,0
861,miata_sspl1_95,3876,36,19950,1995,5634,21,0,16,0,1,0,0,0
863,blitz_r34_d1_04,3886,36,200000,2004,6658,74,2,0,0,0,1,1,0
864,_300zx_2seat_us_89,3887,36,39500,1989,6658,28,0,0,0,0,0,0,0
865,m5_05,3889,36,116650,2005,1541,6,0,0,0,0,0,0,0
866,prelude_sir_s_98,3890,36,22930,1998,3842,15,0,0,0,0,0,0,0
868,fairlady_z_aero_02,3902,36,55000,2002,6658,27,2,0,0,0,0,1,0
869,hommell_rs_berlinetta_99,3903,36,47360,1999,16646,70,0,0,0,0,0,0,0
873,infiniti_g20_20te_90,3908,36,22840,1990,11523,49,0,0,0,0,0,0,0
875,_500_l_69,3910,36,18580,1969,3079,12,0,0,0,0,0,1,0
876,_500_r_72,3911,36,15700,1972,3079,12,0,0,0,0,0,1,0
877,a4_dtm_04,3912,36,450000,2004,1285,5,1,0,0,0,1,1,0
879,amemiya_aspara_rx7_04,3914,36,500000,2004,5634,87,1,0,0,0,1,1,0
880,elise_111s_03,3915,36,51680,2003,5124,20,0,16,0,0,0,0,0
881,fairlady_z_st_02,3916,36,36000,2002,6658,28,0,0,0,0,0,0,0
882,fto_gpr_99,3917,36,21600,1999,6402,25,0,0,0,0,0,0,0
883,fto_gpx_94,3918,36,22870,1994,6402,25,0,0,0,0,0,0,0
884,fto_gpx_97,3919,36,22870,1997,6402,25,0,0,0,0,0,0,0
885,fto_gpx_99,3920,36,23330,1999,6402,25,0,0,0,0,0,0,0
886,fto_gr_94,3921,36,18870,1994,6402,25,0,0,0,0,0,0,0
887,fto_gr_97,3922,36,18870,1997,6402,25,0,0,0,0,0,0,0
894,lancer_1600gsr_rally_74,3929,36,150000,1974,6402,25,1,1,0,0,1,1,0
895,lemans_quattro_03,3930,36,0,2003,1285,5,3,1,0,0,1,1,0
896,monaro_cv8_04,3931,36,47960,2004,19464,85,0,0,0,0,0,0,0
897,move_srxx_2wd_97,3932,36,11590,1997,2562,10,0,0,0,0,0,0,0
899,nsx_93,3934,36,83070,1993,3842,15,0,0,0,0,0,0,0
900,nsx_95,3935,36,84570,1995,3842,15,0,0,0,0,0,0,0
901,nsx_97,3936,36,91070,1997,3842,15,0,0,0,0,0,0,0
902,nsx_99,3937,36,92070,1999,3842,15,0,0,0,0,0,0,0
903,nsx_s_99,3938,36,103570,1999,3842,15,0,0,0,0,0,0,0
904,opel_speedster_turbo_00,3939,36,49550,2000,6917,29,0,16,0,0,0,0,0
905,opera_s2000_04,3940,36,150000,2004,3842,79,2,0,0,0,0,1,0
906,r32_skyline_gtr_89,3941,36,44500,1989,6658,28,0,0,0,0,0,0,0
907,r32_skyline_gtr_91,3942,36,45100,1991,6658,28,0,0,0,0,0,0,0
908,r32_skyline_gtr_n1_91,3943,36,43050,1991,6658,28,0,0,0,0,0,0,0
909,r32_skyline_gtr_v_93,3944,36,52600,1993,6658,28,0,0,0,0,0,0,0
910,r32_skyline_gtr_v_n1_93,3945,36,50900,1993,6658,28,0,0,0,0,0,0,0
911,r32_skyline_gts25_s_91,3946,36,24430,1991,6658,28,0,0,0,0,0,0,0
912,r32_skyline_gtst_m_89,3947,36,23850,1989,6658,28,0,0,0,0,0,0,0
913,r33_skyline_gtr_95,3948,36,47850,1995,6658,28,0,0,0,0,0,0,0
914,r33_skyline_gtr_96,3949,36,48250,1996,6658,28,0,0,0,0,0,0,0
915,r33_skyline_gtr_97,3950,36,48850,1997,6658,28,0,0,0,0,0,0,0
916,r33_skyline_gtr_n1_95,3951,36,59900,1995,6658,28,0,0,0,0,0,0,0
917,r33_skyline_gtr_v_lm_96,3952,36,53900,1996,6658,28,0,0,0,0,0,0,0
918,rx7_rs_00,3953,36,38480,2000,5634,21,0,0,0,0,0,0,0
919,s13_silvia_qs_88,3954,36,15560,1988,6658,28,0,0,0,0,0,0,0
920,s13_silvia_qs_91,3955,36,16210,1991,6658,28,0,0,0,0,0,0,0
921,s14_silvia_qs_aero_93,3956,36,21190,1993,6658,28,0,0,0,0,0,0,0
922,s14_silvia_qs_aero_96,3957,36,21750,1996,6658,28,0,0,0,0,0,0,0
923,s15_silvia_specs_aero_99,3958,36,25600,1999,6658,28,0,0,0,0,0,0,0
924,skyline_2000gtb_67,3959,36,23800,1967,6658,28,0,1,0,0,0,1,0
925,sl600_98,3960,36,210270,1998,5893,22,0,16,0,0,0,0,0
926,svt_f150_lightning_03,3961,36,35050,2003,3331,13,0,0,0,0,0,1,1
927,tacoma_x_runner_04,3962,36,24520,2004,9986,43,0,0,0,0,0,1,0
928,acura_nsx_32l_04,3963,36,94440,2004,514,2,0,0,0,0,0,0,0
929,storia_cx_2wd_98,3964,36,10380,1998,2562,10,0,0,0,0,0,0,0
930,storia_cx_4wd_98,3965,36,11830,1998,2562,10,0,0,0,0,0,0,0
931,lancer_evo3_gsr_95,3966,36,29680,1995,6402,25,0,0,0,0,0,0,0
932,impreza_wrx_sti_c_04,3967,36,33920,2004,8962,38,0,0,0,0,0,0,0
933,altoworks_rsz_97,3968,36,12200,1997,9218,39,0,0,0,0,0,0,0
934,caterham_7_fb_02,3969,36,60000,2002,18180,80,0,0,0,2,1,1,0
935,_2cv_typea_54,3970,36,21000,1954,2310,9,0,3,0,0,0,1,0
936,_360_58,3971,36,36000,1958,8962,38,0,2,0,0,0,1,0
937,ac_427_sc_66,3972,36,423200,1966,18436,81,0,16,0,1,0,1,0
938,amuse_carbonr_04,3973,36,250000,2004,6658,59,2,0,0,0,0,1,0
939,amuse_s2000_gt1_04,3974,36,250000,2004,3842,59,2,0,0,0,0,1,0
940,calsonic_skyline_gtr_gpa_93,3975,36,1350000,1993,6658,28,1,1,0,0,1,1,0
942,corvette_zr1_90,3977,36,82000,1990,1795,7,0,0,0,0,0,0,0
943,db9_03,3978,36,164470,2003,1028,4,0,2,0,0,0,0,0
944,exp_speed8_03,3979,36,5600000,2003,18692,82,1,1,0,0,1,1,0
945,fpv_f6_typhoon_04,3980,36,46740,2004,17928,78,0,0,0,0,0,0,0
946,fpv_gt_04,3981,36,48640,2004,17928,78,0,0,0,0,0,0,0
947,golf_gti_05,3982,36,32750,2005,10757,46,0,0,0,0,0,0,0
948,golf_gti_76,3983,36,15000,1976,10757,46,0,1,0,0,0,0,0
949,ibiza_cupra_r_04,3984,36,24980,2004,18957,83,0,0,0,0,0,0,0
950,lancer_wrc_03,3985,36,1250000,2003,6402,25,1,0,0,0,0,1,0
951,land_range_stormer_04,3986,36,0,2004,19204,84,3,1,0,0,0,1,1
953,r8_race_01,3988,36,4500000,2001,1285,5,1,0,0,0,1,1,0
954,r92cp_92,3989,36,3500000,1992,6658,28,1,3,0,0,1,1,0
955,ram_1500_hemi_4cab_04,3990,36,37930,2004,2819,11,0,0,0,0,0,1,0
956,slr_mclaren_03,3991,36,610000,2003,5893,22,0,0,0,0,0,1,1
957,ss_commodore_04,3992,36,40430,2004,19464,85,0,0,0,0,0,0,0
958,stream_z_04,3993,36,200000,2004,6658,28,2,0,0,0,1,1,0
959,tt_coupe_32_03,3994,36,57740,2003,1285,5,0,0,0,0,0,0,0
960,_2002_turbo_73,3995,36,56800,1973,1541,6,0,1,0,0,0,0,0
961,_206_rc_03,3996,36,29090,2003,7686,32,0,0,0,0,0,0,0
962,esprit_v8_02,3997,36,116520,2002,5124,20,0,0,0,0,0,0,0
963,clio_sport_v6_2_03,3998,36,53720,2003,8198,34,0,0,0,0,0,0,0
964,focus_st170_jp_03,3999,36,32750,2003,3331,13,0,0,0,0,0,0,0
965,lancer_evo2_gsr_94,4000,36,28980,1994,6402,25,0,0,0,0,0,0,0
966,vitz_rs_turbo_02,4001,36,18880,2002,9986,43,0,2,0,0,0,0,0
971,rx7_rsr_97,4006,36,36250,1997,5634,21,0,0,0,0,0,0,0
978,patent_motor_wagen_886,4013,36,0,1886,5893,22,100,5,4,2,1,1,0
979,motor_carriage_886,4014,36,0,1886,5893,22,100,5,4,2,1,1,0
980,opera_z_04,4015,36,70000,2004,6658,79,2,0,0,0,0,1,0
996,primera_20v_us_01,4031,36,23900,2001,6658,28,0,0,0,0,0,0,0
998,sauber_mercedes_c9_89,4033,36,3500000,1989,5893,22,1,1,0,0,1,1,0
1000,accord_coupe_us_88,4034,36,26000,1988,3842,15,0,0,0,0,0,0,0
1001,accord_coupe_exv6_6_03,4035,36,27480,2003,3842,15,0,0,0,0,0,0,0
1002,mazdaspeed_6_05,4036,36,0,2005,5634,21,3,1,0,0,0,0,0
1003,rx7_gt_lim_eu_85,4037,36,16900,1985,5634,21,0,0,0,0,0,0,0
1004,rx7_gtx_eu_90,4038,36,24860,1990,5634,21,0,0,0,0,0,0,0
1005,rx7_a3_eu_90,4039,36,27040,1990,5634,21,0,0,0,0,0,0,0
1006,rx7_r_eu_91,4040,36,38500,1991,5634,21,0,0,0,0,0,0,0
1007,rx7_r_eu_93,4041,36,39100,1993,5634,21,0,0,0,0,0,0,0
1008,rx7_rs_eu_96,4042,36,36650,1996,5634,21,0,0,0,0,0,0,0
1009,rx7_r_s_eu_95,4043,36,38900,1995,5634,21,0,0,0,0,0,0,0
1010,rx7_rz_eu_92,4044,36,40150,1992,5634,21,0,0,0,0,0,0,0
1011,rx7_rz_eu_93,4045,36,43500,1993,5634,21,0,0,0,0,0,0,0
1012,rx7_rz_eu_95,4046,36,39600,1995,5634,21,0,0,0,0,0,0,0
1013,rx7_rz_eu_96,4047,36,39750,1996,5634,21,0,0,0,0,0,0,0
1014,_3000gt_mr_95,4048,36,39800,1995,6402,25,0,0,0,0,0,0,0
1015,_3000gt_mr_98,4049,36,39790,1998,6402,25,0,0,0,0,0,0,0
1016,_3000gt_sl_95,4050,36,29910,1995,6402,25,0,0,0,0,0,0,0
1017,_3000gt_sl_96,4051,36,29980,1996,6402,25,0,0,0,0,0,0,0
1018,_3000gt_sl_98,4052,36,29980,1998,6402,25,0,0,0,0,0,0,0
1022,_3000gt_vr4_us_98,4056,36,43230,1998,6402,25,0,0,0,0,0,0,0
1024,_3000gt_vr4t_us_95,4058,36,43150,1995,6402,25,0,0,0,0,0,0,0
1025,_3000gt_vr4t_us_96,4059,36,43230,1996,6402,25,0,0,0,0,0,0,0
1026,acura_nsx_91,4061,36,80030,1991,514,2,0,0,0,0,0,0,0
1027,dmc12_stage2_04,4062,36,42440,2004,15363,65,2,1,0,0,0,0,0
1030,model_t_tourer_15,4069,36,0,1915,3331,13,100,5,0,2,1,1,0
1031,gs300_us_91,4070,36,47400,1991,11779,50,0,0,0,0,0,0,0
1032,gs300_us_00,4071,36,44200,2000,11779,50,0,0,0,0,0,0,0
1033,gs300_vertex_us_00,4072,36,45500,2000,11779,50,0,0,0,0,0,0,0
1035,sc300_us_97,4074,36,35000,1997,11779,50,0,0,0,0,0,0,0
1037,xa_15s_2wd_03,4076,36,16000,2003,17411,73,0,0,0,0,0,0,0
1038,xb_15z_x_2wd_03,4077,36,15780,2003,17411,73,0,0,0,0,0,0,0
1039,amuse_s2000_circuit_04,4078,36,150000,2004,3842,59,2,0,0,0,0,1,0
1040,ford_gt_lm_sp2_04,4079,36,1000000,2004,3331,13,1,0,0,0,0,1,0
1043,midget_mp5_63,4082,36,19500,1963,2562,10,100,1,0,0,1,1,0
1044,sports_800_65,4083,36,32000,1965,9986,43,0,16,0,0,0,0,0
1046,formula_gran_turismo_04,4085,36,7500000,2004,7938,33,101,2,0,0,1,1,0
1047,mr2_spyder_v_us_02,4086,36,21800,2002,9986,43,0,16,0,1,0,0,0
1048,mr2_spyder_us_99,4087,36,19800,1999,9986,43,0,16,0,1,0,0,0
1049,lexus_is200_rs200_98,4088,36,24000,1998,11779,50,0,0,0,0,0,0,0
1053,_350z_gt4_05,4092,36,36000,2005,6658,28,0,0,0,0,0,0,0
1056,ford_gt_no_stripe_05,4344,36,149880,2005,3331,13,0,0,0,0,0,0,1
1057,mazda_suv_concept_05,4385,36,0,2005,5634,21,3,1,0,0,0,1,0
1058,miata_1800_rs_04,6237,36,23500,2004,5634,21,0,16,0,1,0,0,0
1060,miata_1600_nra_04,6239,36,20500,2004,5634,21,0,16,0,1,0,0,0
1066,_905b_evo1_exxon_92,6673,36,3500000,1992,7686,32,1,0,0,0,1,1,0
1067,xjr9_race_88,6674,36,3500000,1988,4356,17,1,0,0,0,1,1,0
1068,chaparral_2d_race_67,6675,36,1100000,1967,20227,93,1,0,0,0,1,1,0
1069,chaparral_2j_race_70,6676,36,1200000,1970,20227,93,1,0,0,0,1,1,0
1070,hpa_golf_r32_04,6677,36,31870,2004,10755,94,2,0,0,0,0,0,0
1071,_300c_05,6678,36,34780,2005,2051,8,0,0,0,0,0,0,0
1072,alfa_gt_32_v6_24v_04,6679,36,39010,2004,775,3,0,0,0,0,0,0,0
1073,autounion_v16_typec_sl_37,6680,36,500000,1937,1285,5,1,32,0,0,1,1,0
1074,nuvolari_quattro_03,6681,36,0,2003,1285,5,3,1,0,0,0,0,0
1075,pikespeak_quattro_03,6682,36,0,2003,1285,5,3,1,0,0,0,0,0
1076,spirra_46_v8_04,6683,36,80000,2004,20745,96,0,0,0,0,0,0,0
1077,eclipse_gt_06,6684,36,25000,2006,6402,25,0,0,0,0,0,0,0
1078,mx5_gms_05,6734,36,0,2005,5634,21,3,8,0,2,1,1,0
